document_type,company,file,year,doc_id,country
annual report,ocado group plc,OCADO GROUP PLC REPORT AND ACCOUNTS 2017.pdf,2017,200,united kingdom
annual report,ocado group plc,OCADO GROUP PLC REPORT AND ACCOUNTS 2014.pdf,2014,201,united kingdom
annual report,ocado group plc,OCADO GROUP PLC REPORT AND ACCOUNTS 2016.pdf,2016,202,united kingdom
annual report,ocado group plc,OCADO GROUP PLC REPORT AND ACCOUNTS 2018.pdf,2018,203,united kingdom
annual report,ocado group plc,OCADO GROUP PLC REPORT AND ACCOUNTS 2015.pdf,2015,204,united kingdom
annual report,london stock exchange group,LONDON STOCK EXCHANGE GROUP PLC REPORT AND ACCOUNTS 2014.pdf,2014,205,united kingdom
annual report,london stock exchange group,LONDON STOCK EXCHANGE GROUP PLC REPORT AND ACCOUNTS 2016.pdf,2016,206,united kingdom
annual report,london stock exchange group,LONDON STOCK EXCHANGE GROUP PLC REPORT AND ACCOUNTS 2015.pdf,2015,207,united kingdom
annual report,london stock exchange group,LONDON STOCK EXCHANGE GROUP PLC REPORT AND ACCOUNTS 2017.pdf,2017,208,united kingdom
annual report,weir group plc,WEIR GROUP PLC REPORT AND ACCOUNTS 2017.pdf,2017,209,united kingdom
annual report,weir group plc,WEIR GROUP PLC REPORT AND ACCOUNTS 2016.pdf,2016,210,united kingdom
annual report,weir group plc,WEIR GROUP PLC REPORT AND ACCOUNTS 2018.pdf,2018,211,united kingdom
annual report,weir group plc,WEIR GROUP PLC REPORT AND ACCOUNTS 2014.pdf,2014,212,united kingdom
annual report,weir group plc,WEIR GROUP PLC REPORT AND ACCOUNTS 2015.pdf,2015,213,united kingdom
annual report,petrofac,PETROFAC LTD REPORT AND ACCOUNTS 2018.pdf,2018,214,united kingdom
annual report,petrofac,PETROFAC LTD REPORT AND ACCOUNTS 2015.pdf,2015,215,united kingdom
annual report,petrofac,PETROFAC LTD REPORT AND ACCOUNTS 2016.pdf,2016,216,united kingdom
annual report,petrofac,PETROFAC LTD REPORT AND ACCOUNTS 2017.pdf,2017,217,united kingdom
annual report,petrofac,PETROFAC LTD REPORT AND ACCOUNTS 2014.pdf,2014,218,united kingdom
annual report,interserve plc,INTERSERVE PLC REPORT AND ACCOUNTS 2016.pdf,2016,219,united kingdom
annual report,interserve plc,INTERSERVE PLC REPORT AND ACCOUNTS 2018.pdf,2018,220,united kingdom
annual report,interserve plc,INTERSERVE PLC REPORT AND ACCOUNTS 2015.pdf,2015,221,united kingdom
annual report,interserve plc,INTERSERVE PLC REPORT AND ACCOUNTS 2017.pdf,2017,222,united kingdom
annual report,interserve plc,INTERSERVE PLC REPORT AND ACCOUNTS 2014.pdf,2014,223,united kingdom
annual report,standard chartered,STANDARD CHARTERED PLC REPORT AND ACCOUNTS 2016.pdf,2016,224,united kingdom
annual report,standard chartered,STANDARD CHARTERED PLC REPORT AND ACCOUNTS 2015.pdf,2015,225,united kingdom
annual report,standard chartered,STANDARD CHARTERED PLC REPORT AND ACCOUNTS 2018.pdf,2018,226,united kingdom
annual report,standard chartered,STANDARD CHARTERED PLC REPORT AND ACCOUNTS 2017.pdf,2017,227,united kingdom
annual report,standard chartered,STANDARD CHARTERED PLC REPORT AND ACCOUNTS 2014.pdf,2014,228,united kingdom
annual report,severn trent plc,SEVERN TRENT PLC REPORT AND ACCOUNTS 2016.pdf,2016,229,united kingdom
annual report,severn trent plc,SEVERN TRENT PLC REPORT AND ACCOUNTS 2015.pdf,2015,230,united kingdom
annual report,severn trent plc,SEVERN TRENT PLC REPORT AND ACCOUNTS 2017.pdf,2017,231,united kingdom
annual report,severn trent plc,SEVERN TRENT PLC REPORT AND ACCOUNTS 2018.pdf,2018,232,united kingdom
annual report,severn trent plc,SEVERN TRENT PLC REPORT AND ACCOUNTS 2014.pdf,2014,233,united kingdom
annual report,rio tinto,RIO TINTO PLC REPORT AND ACCOUNTS 2014.pdf,2014,234,united kingdom
annual report,rio tinto,RIO TINTO PLC REPORT AND ACCOUNTS 2018.pdf,2018,235,united kingdom
annual report,rio tinto,RIO TINTO PLC REPORT AND ACCOUNTS 2016.pdf,2016,236,united kingdom
annual report,rio tinto,RIO TINTO PLC REPORT AND ACCOUNTS 2015.pdf,2015,237,united kingdom
annual report,rio tinto,RIO TINTO PLC REPORT AND ACCOUNTS 2017.pdf,2017,238,united kingdom
annual report,thomas cook plc,THOMAS COOK GROUP PLC REPORT AND ACCOUNTS 2016.pdf,2016,239,united kingdom
annual report,thomas cook plc,THOMAS COOK GROUP PLC REPORT AND ACCOUNTS 2018.pdf,2018,240,united kingdom
annual report,thomas cook plc,THOMAS COOK GROUP PLC REPORT AND ACCOUNTS 2015.pdf,2015,241,united kingdom
annual report,thomas cook plc,THOMAS COOK GROUP PLC REPORT AND ACCOUNTS 2017.pdf,2017,242,united kingdom
annual report,thomas cook plc,THOMAS COOK GROUP PLC REPORT AND ACCOUNTS 2014.pdf,2014,243,united kingdom
annual report,essentra plc,ESSENTRA PLC REPORT AND ACCOUNTS 2017.pdf,2017,244,united kingdom
annual report,essentra plc,ESSENTRA PLC REPORT AND ACCOUNTS 2018.pdf,2018,245,united kingdom
annual report,essentra plc,ESSENTRA PLC REPORT AND ACCOUNTS 2016.pdf,2016,246,united kingdom
annual report,essentra plc,ESSENTRA PLC REPORT AND ACCOUNTS 2014.pdf,2014,247,united kingdom
annual report,essentra plc,ESSENTRA PLC REPORT AND ACCOUNTS 2015.pdf,2015,248,united kingdom
annual report,n brown group plc,BROWN (N) GROUP PLC REPORT AND ACCOUNTS 2014.pdf,2014,249,united kingdom
annual report,n brown group plc,BROWN (N) GROUP PLC REPORT AND ACCOUNTS 2016.pdf,2016,250,united kingdom
annual report,n brown group plc,BROWN (N) GROUP PLC REPORT AND ACCOUNTS 2017.pdf,2017,251,united kingdom
annual report,n brown group plc,N BROWN GROUP PLC REPORT AND ACCOUNTS 2018.pdf,2018,252,united kingdom
annual report,n brown group plc,BROWN (N) GROUP PLC REPORT AND ACCOUNTS 2015.pdf,2015,253,united kingdom
annual report,astrazeneca,ASTRAZENECA PLC REPORT AND ACCOUNTS AND FORM 20-F 2014.pdf,2014,254,united kingdom
annual report,astrazeneca,ASTRAZENECA PLC REPORT AND ACCOUNTS AND FORM 20-F 2018.pdf,2018,255,united kingdom
annual report,astrazeneca,ASTRAZENECA PLC REPORT AND ACCOUNTS AND FORM 20-F 2017.pdf,2017,256,united kingdom
annual report,astrazeneca,ASTRAZENECA PLC REPORT AND ACCOUNTS AND FORM 20-F 2015.pdf,2015,257,united kingdom
annual report,astrazeneca,ASTRAZENECA PLC REPORT AND ACCOUNTS AND FORM 20-F 2016.pdf,2016,258,united kingdom
annual report,royal mail group,ROYAL MAIL PLC REPORT AND ACCOUNTS 2018.pdf,2018,259,united kingdom
annual report,royal mail group,ROYAL MAIL PLC REPORT AND ACCOUNTS 2016.pdf,2016,260,united kingdom
annual report,royal mail group,ROYAL MAIL PLC REPORT AND ACCOUNTS 20142015.pdf,2015,261,united kingdom
annual report,royal mail group,ROYAL MAIL PLC REPORT AND ACCOUNTS 2017.pdf,2017,262,united kingdom
annual report,next plc,NEXT PLC REPORT AND ACCOUNTS 2015.pdf,2015,263,united kingdom
annual report,next plc,NEXT PLC REPORT AND ACCOUNTS 2017.pdf,2017,264,united kingdom
annual report,next plc,NEXT PLC REPORT AND ACCOUNTS 2018.pdf,2018,265,united kingdom
annual report,next plc,NEXT PLC REPORT AND ACCOUNTS 2016.pdf,2016,266,united kingdom
annual report,next plc,NEXT PLC REPORT AND ACCOUNTS 2014.pdf,2014,267,united kingdom
annual report,prudential,PRUDENTIAL PLC REPORT AND ACCOUNTS 2016.pdf,2016,268,united kingdom
annual report,prudential,PRUDENTIAL PLC REPORT AND ACCOUNTS 2017.pdf,2017,269,united kingdom
annual report,prudential,PRUDENTIAL PLC REPORT AND ACCOUNTS 2018.pdf,2018,270,united kingdom
annual report,prudential,PRUDENTIAL PLC REPORT AND ACCOUNTS 2015.pdf,2015,271,united kingdom
annual report,prudential,PRUDENTIAL PLC REPORT AND ACCOUNTS 2014.pdf,2014,272,united kingdom
annual report,euromoney institutional investors plc,EUROMONEY INSTITUTIONAL INVESTOR PLC REPORT AND ACCOUNTS 2016.pdf,2016,273,united kingdom
annual report,euromoney institutional investors plc,EUROMONEY INSTITUTIONAL INVESTOR PLC REPORT AND ACCOUNTS 2014.pdf,2014,274,united kingdom
annual report,euromoney institutional investors plc,EUROMONEY INSTITUTIONAL INVESTOR PLC REPORT AND ACCOUNTS 2017.pdf,2017,275,united kingdom
annual report,euromoney institutional investors plc,EUROMONEY INSTITUTIONAL INVESTOR PLC REPORT AND ACCOUNTS 2018.pdf,2018,276,united kingdom
annual report,euromoney institutional investors plc,EUROMONEY INSTITUTIONAL INVESTOR PLC REPORT AND ACCOUNTS 2015.pdf,2015,277,united kingdom
annual report,international consolidated airlines group,INTERNATIONAL CONSOLIDATED AIRLINES GROUP SA REPORT AND ACCOUNTS 2018.pdf,2018,278,united kingdom
annual report,international consolidated airlines group,INTERNATIONAL CONSOLIDATED AIRLINES GROUP SA REPORT AND ACCOUNTS 2014.pdf,2014,279,united kingdom
annual report,international consolidated airlines group,INTERNATIONAL CONSOLIDATED AIRLINES GROUP SA REPORT AND ACCOUNTS 2016.pdf,2016,280,united kingdom
annual report,international consolidated airlines group,INTERNATIONAL CONSOLIDATED AIRLINES GROUP SA REPORT AND ACCOUNTS 2017.pdf,2017,281,united kingdom
annual report,international consolidated airlines group,INTERNATIONAL CONSOLIDATED AIRLINES GROUP SA REPORT AND ACCOUNTS 2015.pdf,2015,282,united kingdom
annual report,centrica plc,CENTRICA PLC REPORT AND ACCOUNTS 2017.pdf,2017,283,united kingdom
annual report,centrica plc,CENTRICA PLC REPORT AND ACCOUNTS 2014.pdf,2014,284,united kingdom
annual report,centrica plc,CENTRICA PLC REPORT AND ACCOUNTS 2015.pdf,2015,285,united kingdom
annual report,centrica plc,CENTRICA PLC REPORT AND ACCOUNTS 2016.pdf,2016,286,united kingdom
annual report,centrica plc,CENTRICA PLC REPORT AND ACCOUNTS 2018.pdf,2018,287,united kingdom
annual report,greggs plc,GREGGS PLC REPORT AND ACCOUNTS 2016.pdf,2016,288,united kingdom
annual report,greggs plc,GREGGS PLC REPORT AND ACCOUNTS 2015.pdf,2015,289,united kingdom
annual report,greggs plc,GREGGS PLC REPORT AND ACCOUNTS 2014.pdf,2014,290,united kingdom
annual report,greggs plc,GREGGS PLC REPORT AND ACCOUNTS 2018.pdf,2018,291,united kingdom
annual report,greggs plc,GREGGS PLC REPORT AND ACCOUNTS 2017.pdf,2017,292,united kingdom
annual report,jupiter fund management plc,JUPITER FUND MANAGEMENT PLC REPORT AND ACCOUNTS 2017.pdf,2017,293,united kingdom
annual report,jupiter fund management plc,JUPITER FUND MANAGEMENT PLC REPORT AND ACCOUNTS 2014.pdf,2014,294,united kingdom
annual report,jupiter fund management plc,JUPITER FUND MANAGEMENT PLC REPORT AND ACCOUNTS 2018.pdf,2018,295,united kingdom
annual report,jupiter fund management plc,JUPITER FUND MANAGEMENT PLC REPORT AND ACCOUNTS 2015.pdf,2015,296,united kingdom
annual report,jupiter fund management plc,JUPITER FUND MANAGEMENT PLC REPORT AND ACCOUNTS 2016.pdf,2016,297,united kingdom
annual report,legal and general plc,LEGAL AND GENERAL GROUP PLC REPORT AND ACCOUNTS 2015.pdf,2015,298,united kingdom
annual report,legal and general plc,LEGAL AND GENERAL GROUP PLC REPORT AND ACCOUNTS 2016.pdf,2016,299,united kingdom
annual report,legal and general plc,LEGAL AND GENERAL GROUP PLC REPORT AND ACCOUNTS 2017.pdf,2017,300,united kingdom
annual report,legal and general plc,LEGAL AND GENERAL GROUP PLC REPORT AND ACCOUNTS 2014.pdf,2014,301,united kingdom
annual report,legal and general plc,LEGAL AND GENERAL GROUP PLC REPORT AND ACCOUNTS 2018.pdf,2018,302,united kingdom
annual report,james fisher plc,FISHER (JAMES) AND SONS PLC REPORT AND ACCOUNTS 2014.pdf,2014,303,united kingdom
annual report,james fisher plc,FISHER (JAMES) AND SONS PLC REPORT AND ACCOUNTS 2015.pdf,2015,304,united kingdom
annual report,james fisher plc,JAMES FISHER AND SONS PLC REPORT AND ACCOUNTS 2018.pdf,2018,305,united kingdom
annual report,james fisher plc,JAMES FISHER AND SONS PLC REPORT AND ACCOUNTS 2016.pdf,2016,306,united kingdom
annual report,james fisher plc,JAMES FISHER AND SONS PLC REPORT AND ACCOUNTS 2017.pdf,2017,307,united kingdom
annual report,marks _ spencer group,MARKS AND SPENCER GROUP PLC REPORT AND ACCOUNTS 2018.pdf,2018,308,united kingdom
annual report,marks _ spencer group,MARKS AND SPENCER GROUP PLC REPORT AND ACCOUNTS 2015.pdf,2015,309,united kingdom
annual report,marks _ spencer group,MARKS AND SPENCER GROUP PLC REPORT AND ACCOUNTS 2016.pdf,2016,310,united kingdom
annual report,marks _ spencer group,MARKS AND SPENCER GROUP PLC REPORT AND ACCOUNTS 2017.pdf,2017,311,united kingdom
annual report,hsbc holdings,HSBC HOLDINGS PLC REPORT AND ACCOUNTS 2018.pdf,2018,312,united kingdom
annual report,hsbc holdings,HSBC HOLDINGS PLC REPORT AND ACCOUNTS 2014.pdf,2014,313,united kingdom
annual report,hsbc holdings,HSBC HOLDINGS PLC REPORT AND ACCOUNTS 2017.pdf,2017,314,united kingdom
annual report,hsbc holdings,HSBC HOLDINGS PLC REPORT AND ACCOUNTS 2015.pdf,2015,315,united kingdom
annual report,hsbc holdings,HSBC HOLDINGS PLC REPORT AND ACCOUNTS 2016.pdf,2016,316,united kingdom
annual report,associated british foods,ASSOCIATED BRITISH FOODS PLC REPORT AND ACCOUNTS 2018.pdf,2018,317,united kingdom
annual report,associated british foods,ASSOCIATED BRITISH FOODS PLC REPORT AND ACCOUNTS 2014.pdf,2014,318,united kingdom
annual report,associated british foods,ASSOCIATED BRITISH FOODS PLC REPORT AND ACCOUNTS 2016.pdf,2016,319,united kingdom
annual report,associated british foods,ASSOCIATED BRITISH FOODS PLC REPORT AND ACCOUNTS 2017.pdf,2017,320,united kingdom
annual report,associated british foods,ASSOCIATED BRITISH FOODS PLC REPORT AND ACCOUNTS 2015.pdf,2015,321,united kingdom
annual report,debenhams,DEBENHAMS PLC REPORT AND ACCOUNTS 2018.pdf,2018,322,united kingdom
annual report,debenhams,DEBENHAMS PLC REPORT AND ACCOUNTS 2015.pdf,2015,323,united kingdom
annual report,debenhams,DEBENHAMS PLC REPORT AND ACCOUNTS 2016.pdf,2016,324,united kingdom
annual report,debenhams,DEBENHAMS PLC REPORT AND ACCOUNTS 2017.pdf,2017,325,united kingdom
annual report,debenhams,DEBENHAMS PLC REPORT AND ACCOUNTS 2014.pdf,2014,326,united kingdom
annual report,jkx oil and gas,JKX OIL AND GAS PLC REPORT AND ACCOUNTS 2014.pdf,2014,327,united kingdom
annual report,jkx oil and gas,JKX OIL AND GAS PLC REPORT AND ACCOUNTS 2017.pdf,2017,328,united kingdom
annual report,jkx oil and gas,JKX OIL AND GAS PLC REPORT AND ACCOUNTS 2018.pdf,2018,329,united kingdom
annual report,jkx oil and gas,JKX OIL AND GAS PLC REPORT AND ACCOUNTS 2016.pdf,2016,330,united kingdom
annual report,jkx oil and gas,JKX OIL AND GAS PLC REPORT AND ACCOUNTS 2015.pdf,2015,331,united kingdom
annual report,dignity,DIGNITY PLC REPORT AND ACCOUNTS 2015.pdf,2015,332,united kingdom
annual report,dignity,DIGNITY PLC REPORT AND ACCOUNTS 2014.pdf,2014,333,united kingdom
annual report,dignity,DIGNITY PLC REPORT AND ACCOUNTS 2018.pdf,2018,334,united kingdom
annual report,dignity,DIGNITY PLC REPORT AND ACCOUNTS 2017.pdf,2017,335,united kingdom
annual report,dignity,DIGNITY PLC REPORT AND ACCOUNTS 2016.pdf,2016,336,united kingdom
annual report,wpp group plc,WPP PLC REPORT AND ACCOUNTS 2018.pdf,2018,337,united kingdom
annual report,wpp group plc,WPP PLC REPORT AND ACCOUNTS 2016.pdf,2016,338,united kingdom
annual report,wpp group plc,WPP PLC REPORT AND ACCOUNTS 2015.pdf,2015,339,united kingdom
annual report,wpp group plc,WPP PLC REPORT AND ACCOUNTS 2017.pdf,2017,340,united kingdom
annual report,wpp group plc,WPP PLC REPORT AND ACCOUNTS 2014.pdf,2014,341,united kingdom
annual report,national grid,NATIONAL GRID PLC REPORT AND ACCOUNTS 2016.pdf,2016,342,united kingdom
annual report,national grid,NATIONAL GRID PLC REPORT AND ACCOUNTS 2018.pdf,2018,343,united kingdom
annual report,national grid,NATIONAL GRID PLC REPORT AND ACCOUNTS 2014.pdf,2014,344,united kingdom
annual report,national grid,NATIONAL GRID PLC REPORT AND ACCOUNTS 2015.pdf,2015,345,united kingdom
annual report,national grid,NATIONAL GRID PLC REPORT AND ACCOUNTS 2017.pdf,2017,346,united kingdom
annual report,city of london investment group plc,CITY OF LONDON INVESTMENT GROUP PLC REPORT AND ACCOUNTS 2018.pdf,2018,347,united kingdom
annual report,city of london investment group plc,CITY OF LONDON INVESTMENT GROUP PLC REPORT AND ACCOUNTS 20142015.pdf,2015,348,united kingdom
annual report,city of london investment group plc,CITY OF LONDON INVESTMENT GROUP PLC REPORT AND ACCOUNTS 2014.pdf,2014,349,united kingdom
annual report,city of london investment group plc,CITY OF LONDON INVESTMENT GROUP PLC REPORT AND ACCOUNTS 2016.pdf,2016,350,united kingdom
annual report,city of london investment group plc,CITY OF LONDON INVESTMENT GROUP PLC REPORT AND ACCOUNTS 2017.pdf,2017,351,united kingdom
annual report,bellway plc,BELLWAY PLC REPORT AND ACCOUNTS 2014.pdf,2014,352,united kingdom
annual report,bellway plc,BELLWAY PLC REPORT AND ACCOUNTS 2015.pdf,2015,353,united kingdom
annual report,bellway plc,BELLWAY PLC REPORT AND ACCOUNTS 2016.pdf,2016,354,united kingdom
annual report,bellway plc,BELLWAY PLC REPORT AND ACCOUNTS 2018.pdf,2018,355,united kingdom
annual report,bellway plc,BELLWAY PLC REPORT AND ACCOUNTS 2017.pdf,2017,356,united kingdom
annual report,kier group plc,KIER GROUP PLC REPORT AND ACCOUNTS 2015.pdf,2015,357,united kingdom
annual report,kier group plc,KIER GROUP PLC REPORT AND ACCOUNTS 2014.pdf,2014,358,united kingdom
annual report,kier group plc,KIER GROUP PLC REPORT AND ACCOUNTS 2018.pdf,2018,359,united kingdom
annual report,kier group plc,KIER GROUP PLC REPORT AND ACCOUNTS 2016.pdf,2016,360,united kingdom
annual report,kier group plc,KIER GROUP PLC REPORT AND ACCOUNTS 2017.pdf,2017,361,united kingdom
annual report,ds smith plc,DS SMITH PLC REPORT AND ACCOUNTS 2016.pdf,2016,362,united kingdom
annual report,ds smith plc,DS SMITH PLC REPORT AND ACCOUNTS 2015.pdf,2015,363,united kingdom
annual report,ds smith plc,DS SMITH PLC REPORT AND ACCOUNTS 2018.pdf,2018,364,united kingdom
annual report,ds smith plc,DS SMITH PLC REPORT AND ACCOUNTS 2014.pdf,2014,365,united kingdom
annual report,ds smith plc,DS SMITH PLC REPORT AND ACCOUNTS 2017.pdf,2017,366,united kingdom
annual report,ted baker plc,TED BAKER PLC REPORT AND ACCOUNTS 2018.pdf,2018,367,united kingdom
annual report,ted baker plc,TED BAKER PLC REPORT AND ACCOUNTS 20142015.pdf,2015,368,united kingdom
annual report,ted baker plc,TED BAKER PLC REPORT AND ACCOUNTS 2017.pdf,2017,369,united kingdom
annual report,ted baker plc,TED BAKER PLC REPORT AND ACCOUNTS 2016.pdf,2016,370,united kingdom
annual report,tullow oil,TULLOW OIL PLC REPORT AND ACCOUNTS 2014.pdf,2014,371,united kingdom
annual report,tullow oil,TULLOW OIL PLC REPORT AND ACCOUNTS 2018.pdf,2018,372,united kingdom
annual report,tullow oil,TULLOW OIL PLC REPORT AND ACCOUNTS 2015.pdf,2015,373,united kingdom
annual report,tullow oil,TULLOW OIL PLC REPORT AND ACCOUNTS 2016.pdf,2016,374,united kingdom
annual report,tullow oil,TULLOW OIL PLC REPORT AND ACCOUNTS 2017.pdf,2017,375,united kingdom
annual report,stagecoach group plc,STAGECOACH GROUP PLC REPORT AND ACCOUNTS 2015.pdf,2015,376,united kingdom
annual report,stagecoach group plc,STAGECOACH GROUP PLC REPORT AND ACCOUNTS 2016.pdf,2016,377,united kingdom
annual report,stagecoach group plc,STAGECOACH GROUP PLC REPORT AND ACCOUNTS 2014.pdf,2014,378,united kingdom
annual report,stagecoach group plc,STAGECOACH GROUP PLC REPORT AND ACCOUNTS 2017.pdf,2017,379,united kingdom
annual report,stagecoach group plc,STAGECOACH GROUP PLC REPORT AND ACCOUNTS 2018.pdf,2018,380,united kingdom
annual report,persimmon,PERSIMMON PLC REPORT AND ACCOUNTS 2018.pdf,2018,381,united kingdom
annual report,persimmon,PERSIMMON PLC REPORT AND ACCOUNTS 2014.pdf,2014,382,united kingdom
annual report,persimmon,PERSIMMON PLC REPORT AND ACCOUNTS 2014(1).pdf,4(1),383,united kingdom
annual report,persimmon,PERSIMMON PLC REPORT AND ACCOUNTS 2016.pdf,2016,384,united kingdom
annual report,persimmon,PERSIMMON PLC REPORT AND ACCOUNTS 2015.pdf,2015,385,united kingdom
annual report,persimmon,PERSIMMON PLC REPORT AND ACCOUNTS 2017.pdf,2017,386,united kingdom
annual report,sainsbury,J SAINSBURY PLC REPORT AND ACCOUNTS 2018.pdf,2018,387,united kingdom
annual report,sainsbury,J SAINSBURY PLC REPORT AND ACCOUNTS 2015.pdf,2015,388,united kingdom
annual report,sainsbury,J SAINSBURY PLC REPORT AND ACCOUNTS 2014.pdf,2014,389,united kingdom
annual report,sainsbury,J SAINSBURY PLC REPORT AND ACCOUNTS 2016.pdf,2016,390,united kingdom
annual report,sainsbury,J SAINSBURY PLC REPORT AND ACCOUNTS 2017.pdf,2017,391,united kingdom
annual report,intercontinental hotels group,INTERCONTINENTAL HOTELS GROUP PLC REPORT AND ACCOUNTS 2016.pdf,2016,392,united kingdom
annual report,intercontinental hotels group,INTERCONTINENTAL HOTELS GROUP PLC REPORT AND ACCOUNTS 2015.pdf,2015,393,united kingdom
annual report,intercontinental hotels group,INTERCONTINENTAL HOTELS GROUP PLC REPORT AND ACCOUNTS 2014.pdf,2014,394,united kingdom
annual report,intercontinental hotels group,INTERCONTINENTAL HOTELS GROUP PLC REPORT AND ACCOUNTS 2017.pdf,2017,395,united kingdom
annual report,intercontinental hotels group,INTERCONTINENTAL HOTELS GROUP PLC REPORT AND ACCOUNTS 2018.pdf,2018,396,united kingdom
annual report,rightmove,RIGHTMOVE PLC REPORT AND ACCOUNTS 2018.pdf,2018,397,united kingdom
annual report,rightmove,RIGHTMOVE PLC REPORT AND ACCOUNTS 2016.pdf,2016,398,united kingdom
annual report,rightmove,RIGHTMOVE PLC REPORT AND ACCOUNTS 2017.pdf,2017,399,united kingdom
annual report,henkel ag _ co kgaa (hen3_gr),HENKEL AG AND COMPANY KGAA REPORT AND ACCOUNTS 2017.pdf,2017,0,germany
annual report,henkel ag _ co kgaa (hen3_gr),HENKEL AG AND COMPANY KGAA REPORT AND ACCOUNTS 2018.pdf,2018,1,germany
annual report,henkel ag _ co kgaa (hen3_gr),HENKEL AG AND COMPANY KGAA REPORT AND ACCOUNTS 2016.pdf,2016,2,germany
annual report,henkel ag _ co kgaa (hen3_gr),HENKEL AG AND COMPANY KGAA REPORT AND ACCOUNTS 2016(1).pdf,6(1),3,germany
annual report,henkel ag _ co kgaa (hen3_gr),HENKEL AG AND COMPANY KGAA REPORT AND ACCOUNTS 2014.pdf,2014,4,germany
annual report,e.on se (eoan_gr),E.ON SE REPORT AND ACCOUNTS 2017.pdf,2017,5,germany
annual report,e.on se (eoan_gr),E.ON SE REPORT AND ACCOUNTS 2018.pdf,2018,6,germany
annual report,e.on se (eoan_gr),E.ON SE REPORT AND ACCOUNTS 2016.pdf,2016,7,germany
annual report,e.on se (eoan_gr),E.ON SE REPORT AND ACCOUNTS 2014.pdf,2014,8,germany
annual report,e.on se (eoan_gr),E.ON SE REPORT AND ACCOUNTS 2015.pdf,2015,9,germany
annual report,frensenius medical care ag _ co kgaa (fme.gr),FRESENIUS MEDICAL CARE AG AND COMPANY KGAA REPORT AND ACCOUNTS 2014.pdf,2014,10,germany
annual report,frensenius medical care ag _ co kgaa (fme.gr),FRESENIUS MEDICAL CARE AG AND COMPANY KGAA REPORT AND ACCOUNTS 2015.pdf,2015,11,germany
annual report,frensenius medical care ag _ co kgaa (fme.gr),FRESENIUS MEDICAL CARE AG AND COMPANY KGAA REPORT AND ACCOUNTS 2016.pdf,2016,12,germany
annual report,frensenius medical care ag _ co kgaa (fme.gr),FRESENIUS MEDICAL CARE AG AND COMPANY KGAA REPORT AND ACCOUNTS 2017.pdf,2017,13,germany
annual report,frensenius medical care ag _ co kgaa (fme.gr),FRESENIUS MEDICAL CARE AG AND COMPANY KGAA REPORT AND ACCOUNTS 2018.pdf,2018,14,germany
annual report,commerzbank ag (cbk_gr),COMMERZBANK AG REPORT AND ACCOUNTS 2014.pdf,2014,15,germany
annual report,commerzbank ag (cbk_gr),COMMERZBANK AG REPORT AND ACCOUNTS 2016.pdf,2016,16,germany
annual report,commerzbank ag (cbk_gr),COMMERZBANK AG REPORT AND ACCOUNTS 2018.pdf,2018,17,germany
annual report,commerzbank ag (cbk_gr),COMMERZBANK AG REPORT AND ACCOUNTS 2015.pdf,2015,18,germany
annual report,commerzbank ag (cbk_gr),COMMERZBANK AG REPORT AND ACCOUNTS 2017.pdf,2017,19,germany
annual report,merck kgaa (mrk_gr),MERCK KGAA REPORT AND ACCOUNTS 2016.pdf,2016,20,germany
annual report,merck kgaa (mrk_gr),MERCK KGAA REPORT AND ACCOUNTS 2014.pdf,2014,21,germany
annual report,merck kgaa (mrk_gr),MERCK KGAA REPORT AND ACCOUNTS 2015.pdf,2015,22,germany
annual report,merck kgaa (mrk_gr),MERCK KGAA REPORT AND ACCOUNTS 2017.pdf,2017,23,germany
annual report,merck kgaa (mrk_gr),MERCK KGAA REPORT AND ACCOUNTS 2018.pdf,2018,24,germany
annual report,heidelbergcement ag (hei_gr),HEIDELBERGCEMENT AG REPORT AND ACCOUNTS 2018.pdf,2018,25,germany
annual report,heidelbergcement ag (hei_gr),HEIDELBERGCEMENT AG REPORT AND ACCOUNTS 2016.pdf,2016,26,germany
annual report,heidelbergcement ag (hei_gr),HEIDELBERGCEMENT AG REPORT AND ACCOUNTS 2014.pdf,2014,27,germany
annual report,heidelbergcement ag (hei_gr),HEIDELBERGCEMENT AG REPORT AND ACCOUNTS 2015.pdf,2015,28,germany
annual report,heidelbergcement ag (hei_gr),HEIDELBERGCEMENT AG REPORT AND ACCOUNTS 2017.pdf,2017,29,germany
annual report,basf se,BASF SE REPORT AND ACCOUNTS 2015.pdf,2015,30,germany
annual report,basf se,BASF SE REPORT AND ACCOUNTS 2016.pdf,2016,31,germany
annual report,basf se,BASF SE REPORT AND ACCOUNTS 2017.pdf,2017,32,germany
annual report,basf se,BASF SE REPORT AND ACCOUNTS 2014.pdf,2014,33,germany
annual report,basf se,BASF SE REPORT AND ACCOUNTS 2018.pdf,2018,34,germany
annual report,covestro se,COVESTRO AG REPORT AND ACCOUNTS 2015.pdf,2015,35,germany
annual report,covestro se,COVESTRO AG REPORT AND ACCOUNTS 2018.pdf,2018,36,germany
annual report,covestro se,COVESTRO AG REPORT AND ACCOUNTS 2017.pdf,2017,37,germany
annual report,covestro se,COVESTRO AG REPORT AND ACCOUNTS 2016.pdf,2016,38,germany
annual report,muenchener rckvrrgs gsllcht mhn ag in mu (muv2_gr),MUNCHENER RUCKVERSICHERUNGS-GESELLSCHAFT AG REPORT AND ACCOUNTS 2016.pdf,2016,39,germany
annual report,muenchener rckvrrgs gsllcht mhn ag in mu (muv2_gr),MUNCHENER RUCKVERSICHERUNGS-GESELLSCHAFT AG REPORT AND ACCOUNTS 2018.pdf,2018,40,germany
annual report,muenchener rckvrrgs gsllcht mhn ag in mu (muv2_gr),MUNCHENER RUCKVERSICHERUNGS-GESELLSCHAFT AG REPORT AND ACCOUNTS 2017.pdf,2017,41,germany
annual report,muenchener rckvrrgs gsllcht mhn ag in mu (muv2_gr),MUNCHENER RUCKVERSICHERUNGS-GESELLSCHAFT AG REPORT AND ACCOUNTS 2014.pdf,2014,42,germany
annual report,muenchener rckvrrgs gsllcht mhn ag in mu (muv2_gr),MUNCHENER RUCKVERSICHERUNGS-GESELLSCHAFT AG REPORT AND ACCOUNTS 2015.pdf,2015,43,germany
annual report,vonovia se (vna_gr),CONWERT IMMOBILIEN INVEST SE REPORT AND ACCOUNTS 2014.pdf,2014,44,germany
annual report,vonovia se (vna_gr),VONOVIA SE REPORT AND ACCOUNTS 2017.pdf,2017,45,germany
annual report,vonovia se (vna_gr),VONOVIA SE REPORT AND ACCOUNTS 2018.pdf,2018,46,germany
annual report,vonovia se (vna_gr),VONOVIA SE REPORT AND ACCOUNTS 2016.pdf,2016,47,germany
annual report,vonovia se (vna_gr),VONOVIA SE REPORT AND ACCOUNTS 2015.pdf,2015,48,germany
annual report,bayer ag,BAYER AG REPORT AND ACCOUNTS 2014.pdf,2014,49,germany
annual report,bayer ag,BAYER AG REPORT AND ACCOUNTS 2017.pdf,2017,50,germany
annual report,bayer ag,BAYER AG REPORT AND ACCOUNTS 2015.pdf,2015,51,germany
annual report,bayer ag,BAYER AG REPORT AND ACCOUNTS 2018.pdf,2018,52,germany
annual report,bayer ag,BAYER AG REPORT AND ACCOUNTS 2016.pdf,2016,53,germany
annual report,deutsche bank ag (dbk_gr),DEUTSCHE BANK AG REPORT AND ACCOUNTS 2015.pdf,2015,54,germany
annual report,deutsche bank ag (dbk_gr),DEUTSCHE BANK AG REPORT AND ACCOUNTS 2016.pdf,2016,55,germany
annual report,deutsche bank ag (dbk_gr),DEUTSCHE BANK AG REPORT AND ACCOUNTS 2018.pdf,2018,56,germany
annual report,deutsche bank ag (dbk_gr),DEUTSCHE BANK AG REPORT AND ACCOUNTS 2017.pdf,2017,57,germany
annual report,deutsche bank ag (dbk_gr),DEUTSCHE BANK AG REPORT AND ACCOUNTS 2014.pdf,2014,58,germany
annual report,volkswagen ag (vow3_gr),VOLKSWAGEN AG REPORT AND ACCOUNTS 2014.pdf,2014,59,germany
annual report,volkswagen ag (vow3_gr),VOLKSWAGEN AG REPORT AND ACCOUNTS 2016.pdf,2016,60,germany
annual report,volkswagen ag (vow3_gr),VOLKSWAGEN AG REPORT AND ACCOUNTS 2015.pdf,2015,61,germany
annual report,volkswagen ag (vow3_gr),VOLKSWAGEN AG REPORT AND ACCOUNTS 2017.pdf,2017,62,germany
annual report,volkswagen ag (vow3_gr),VOLKSWAGEN AG REPORT AND ACCOUNTS 2018.pdf,2018,63,germany
annual report,bayerische motoren werke ag (bmw_ gr),BMW AG REPORT AND ACCOUNTS 2015.pdf,2015,64,germany
annual report,bayerische motoren werke ag (bmw_ gr),BMW AG REPORT AND ACCOUNTS 2018.pdf,2018,65,germany
annual report,bayerische motoren werke ag (bmw_ gr),BMW AG REPORT AND ACCOUNTS 2014.pdf,2014,66,germany
annual report,bayerische motoren werke ag (bmw_ gr),BMW AG REPORT AND ACCOUNTS 2016.pdf,2016,67,germany
annual report,bayerische motoren werke ag (bmw_ gr),BMW AG REPORT AND ACCOUNTS 2017.pdf,2017,68,germany
annual report,fresenius se _co kgaa (fre_gr),FRESENIUS SE AND COMPANY KGAA REPORT AND ACCOUNTS 2016.pdf,2016,69,germany
annual report,fresenius se _co kgaa (fre_gr),FRESENIUS SE AND COMPANY KGAA REPORT AND ACCOUNTS 2014.pdf,2014,70,germany
annual report,fresenius se _co kgaa (fre_gr),FRESENIUS SE AND COMPANY KGAA REPORT AND ACCOUNTS 2015.pdf,2015,71,germany
annual report,fresenius se _co kgaa (fre_gr),FRESENIUS SE AND COMPANY KGAA REPORT AND ACCOUNTS 2017.pdf,2017,72,germany
annual report,fresenius se _co kgaa (fre_gr),FRESENIUS SE AND COMPANY KGAA REPORT AND ACCOUNTS 2018.pdf,2018,73,germany
annual report,infineon technologies ag (ifx_gr),INFINEON TECHNOLOGIES AG REPORT AND ACCOUNTS 2017.pdf,2017,74,germany
annual report,infineon technologies ag (ifx_gr),INFINEON TECHNOLOGIES AG REPORT AND ACCOUNTS 2014.pdf,2014,75,germany
annual report,infineon technologies ag (ifx_gr),INFINEON TECHNOLOGIES AG REPORT AND ACCOUNTS 2018.pdf,2018,76,germany
annual report,infineon technologies ag (ifx_gr),INFINEON TECHNOLOGIES AG REPORT AND ACCOUNTS 2016.pdf,2016,77,germany
annual report,infineon technologies ag (ifx_gr),INFINEON TECHNOLOGIES AG REPORT AND ACCOUNTS 2015.pdf,2015,78,germany
annual report,deutsche lufthansa ag (lha_gr),DEUTSCHE LUFTHANSA AG REPORT AND ACCOUNTS 2018.pdf,2018,79,germany
annual report,deutsche lufthansa ag (lha_gr),DEUTSCHE LUFTHANSA AG REPORT AND ACCOUNTS 2014.pdf,2014,80,germany
annual report,deutsche lufthansa ag (lha_gr),DEUTSCHE LUFTHANSA AG REPORT AND ACCOUNTS 2015.pdf,2015,81,germany
annual report,deutsche lufthansa ag (lha_gr),DEUTSCHE LUFTHANSA AG REPORT AND ACCOUNTS 2016.pdf,2016,82,germany
annual report,deutsche lufthansa ag (lha_gr),DEUTSCHE LUFTHANSA AG REPORT AND ACCOUNTS 2017.pdf,2017,83,germany
annual report,deutsche post ag (dpw_gr),DEUTSCHE POST AG REPORT AND ACCOUNTS 2018.pdf,2018,84,germany
annual report,deutsche post ag (dpw_gr),DEUTSCHE POST AG REPORT AND ACCOUNTS 2014.pdf,2014,85,germany
annual report,deutsche post ag (dpw_gr),DEUTSCHE POST AG REPORT AND ACCOUNTS 2016.pdf,2016,86,germany
annual report,deutsche post ag (dpw_gr),DEUTSCHE POST AG REPORT AND ACCOUNTS 2017.pdf,2017,87,germany
annual report,deutsche post ag (dpw_gr),DEUTSCHE POST AG REPORT AND ACCOUNTS 2015.pdf,2015,88,germany
annual report,rwe ag (rwe_gr),RWE AG REPORT AND ACCOUNTS 2017.pdf,2017,89,germany
annual report,rwe ag (rwe_gr),RWE AG REPORT AND ACCOUNTS 2016.pdf,2016,90,germany
annual report,rwe ag (rwe_gr),RWE AG REPORT AND ACCOUNTS 2015.pdf,2015,91,germany
annual report,rwe ag (rwe_gr),RWE AG REPORT AND ACCOUNTS 2014.pdf,2014,92,germany
annual report,rwe ag (rwe_gr),RWE AG REPORT AND ACCOUNTS 2018.pdf,2018,93,germany
annual report,daimier ag (dai_gr),DAIMLER AG REPORT AND ACCOUNTS 2017.pdf,2017,94,germany
annual report,daimier ag (dai_gr),DAIMLER AG REPORT AND ACCOUNTS 2018.pdf,2018,95,germany
annual report,daimier ag (dai_gr),DAIMLER AG REPORT AND ACCOUNTS 2014.pdf,2014,96,germany
annual report,daimier ag (dai_gr),DAIMLER AG REPORT AND ACCOUNTS 2016.pdf,2016,97,germany
annual report,daimier ag (dai_gr),DAIMLER AG REPORT AND ACCOUNTS 2015.pdf,2015,98,germany
annual report,sap se (sap_gr),SAP AG REPORT AND ACCOUNTS 2014.pdf,2014,99,germany
annual report,sap se (sap_gr),SAP SE REPORT AND ACCOUNTS 2017.pdf,2017,100,germany
annual report,sap se (sap_gr),SAP AG REPORT AND ACCOUNTS 2015.pdf,2015,101,germany
annual report,sap se (sap_gr),SAP SE REPORT AND ACCOUNTS 2016.pdf,2016,102,germany
annual report,deutsche telekom ag (dte_gr),DEUTSCHE TELEKOM AG REPORT AND ACCOUNTS 2014.pdf,2014,103,germany
annual report,deutsche telekom ag (dte_gr),DEUTSCHE TELEKOM AG REPORT AND ACCOUNTS 2017.pdf,2017,104,germany
annual report,deutsche telekom ag (dte_gr),DEUTSCHE TELEKOM AG REPORT AND ACCOUNTS 2015.pdf,2015,105,germany
annual report,deutsche telekom ag (dte_gr),DEUTSCHE TELEKOM AG REPORT AND ACCOUNTS 2018.pdf,2018,106,germany
annual report,deutsche telekom ag (dte_gr),DEUTSCHE TELEKOM AG REPORT AND ACCOUNTS 2016.pdf,2016,107,germany
annual report,siemens ag (sie_gr),SIEMENS AG REPORT AND ACCOUNTS 2018.pdf,2018,108,germany
annual report,siemens ag (sie_gr),SIEMENS AG REPORT AND ACCOUNTS 2016.pdf,2016,109,germany
annual report,siemens ag (sie_gr),SIEMENS AG REPORT AND ACCOUNTS 2015.pdf,2015,110,germany
annual report,siemens ag (sie_gr),SIEMENS AG REPORT AND ACCOUNTS 2017.pdf,2017,111,germany
annual report,siemens ag (sie_gr),SIEMENS AG REPORT AND ACCOUNTS 2014.pdf,2014,112,germany
annual report,allianz se,ALLIANZ SE REPORT AND ACCOUNTS 2017.pdf,2017,113,germany
annual report,allianz se,ALLIANZ SE REPORT AND ACCOUNTS 2015.pdf,2015,114,germany
annual report,allianz se,ALLIANZ SE REPORT AND ACCOUNTS 2018.pdf,2018,115,germany
annual report,allianz se,ALLIANZ SE REPORT AND ACCOUNTS 2014.pdf,2014,116,germany
annual report,allianz se,ALLIANZ SE REPORT AND ACCOUNTS 2016.pdf,2016,117,germany
annual report,adidas ag,ADIDAS AG REPORT AND ACCOUNTS 2014.pdf,2014,118,germany
annual report,adidas ag,ADIDAS AG REPORT AND ACCOUNTS 2018-2.pdf,18-2,119,germany
annual report,adidas ag,ADIDAS AG REPORT AND ACCOUNTS 2016.pdf,2016,120,germany
annual report,adidas ag,ADIDAS AG REPORT AND ACCOUNTS 2015.pdf,2015,121,germany
annual report,adidas ag,ADIDAS AG REPORT AND ACCOUNTS 2017.pdf,2017,122,germany
annual report,thyssenkrupp ag (tka_gr),THYSSENKRUPP AG REPORT AND ACCOUNTS 2017.pdf,2017,123,germany
annual report,thyssenkrupp ag (tka_gr),THYSSENKRUPP AG REPORT AND ACCOUNTS 20152016.pdf,2016,124,germany
annual report,thyssenkrupp ag (tka_gr),THYSSENKRUPP AG REPORT AND ACCOUNTS 2018.pdf,2018,125,germany
annual report,thyssenkrupp ag (tka_gr),THYSSENKRUPP AG REPORT AND ACCOUNTS 20142015.pdf,2015,126,germany
annual report,continental ag (con_gr),CONTINENTAL AG REPORT AND ACCOUNTS 2018.pdf,2018,127,germany
annual report,continental ag (con_gr),CONTINENTAL AG REPORT AND ACCOUNTS 2015.pdf,2015,128,germany
annual report,continental ag (con_gr),CONTINENTAL AG REPORT AND ACCOUNTS 2014.pdf,2014,129,germany
annual report,continental ag (con_gr),CONTINENTAL AG REPORT AND ACCOUNTS 2017.pdf,2017,130,germany
annual report,continental ag (con_gr),CONTINENTAL AG REPORT AND ACCOUNTS 2016.pdf,2016,131,germany
annual report,beiersdorf ag (bei_gr),BEIERSDORF AG REPORT AND ACCOUNTS 2016.pdf,2016,132,germany
annual report,beiersdorf ag (bei_gr),BEIERSDORF AG REPORT AND ACCOUNTS 2015.pdf,2015,133,germany
annual report,beiersdorf ag (bei_gr),BEIERSDORF AG REPORT AND ACCOUNTS 2017.pdf,2017,134,germany
annual report,beiersdorf ag (bei_gr),BEIERSDORF AG REPORT AND ACCOUNTS 2014.pdf,2014,135,germany
annual report,beiersdorf ag (bei_gr),BEIERSDORF AG REPORT AND ACCOUNTS 2018.pdf,2018,136,germany
annual report,rexel,REXEL SA ANNUAL REPORT AND DOCUMENT DE REFERENCE 2018.pdf,2018,137,france
annual report,rexel,REXEL SA ANNUAL REPORT AND DOCUMENT DE REFERENCE 2016.pdf,2016,138,france
annual report,rexel,REXEL SA ANNUAL REPORT AND DOCUMENT DE REFERENCE 2014.pdf,2014,139,france
annual report,rexel,REXEL SA ANNUAL REPORT AND DOCUMENT DE REFERENCE 2015.pdf,2015,140,france
annual report,rexel,REXEL SA ANNUAL REPORT AND DOCUMENT DE REFERENCE 2017.pdf,2017,141,france
annual report,renault,RENAULT SA ANNUAL REPORT AND DOCUMENT DE REFERENCE 2015.pdf,2015,142,france
annual report,renault,RENAULT SA ANNUAL REPORT AND DOCUMENT DE REFERENCE 2017.pdf,2017,143,france
annual report,renault,RENAULT SA ANNUAL REPORT AND DOCUMENT DE REFERENCE 2016.pdf,2016,144,france
annual report,renault,RENAULT SA ANNUAL REPORT AND DOCUMENT DE REFERENCE 2014.pdf,2014,145,france
annual report,renault,RENAULT SA ANNUAL REPORT AND DOCUMENT DE REFERENCE 2018.pdf,2018,146,france
annual report,capgemini,CAP GEMINI SA ANNUAL REPORT AND DOCUMENT DE REFERENCE 2014.pdf,2014,147,france
annual report,capgemini,CAP GEMINI SA ANNUAL REPORT AND DOCUMENT DE REFERENCE 2015.pdf,2015,148,france
annual report,capgemini,CAP GEMINI SA ANNUAL REPORT AND DOCUMENT DE REFERENCE 2016.pdf,2016,149,france
annual report,capgemini,CAP GEMINI SA ANNUAL REPORT AND DOCUMENT DE REFERENCE 2017.pdf,2017,150,france
annual report,capgemini,CAP GEMINI SA ANNUAL REPORT AND DOCUMENT DE REFERENCE 2018.pdf,2018,151,france
annual report,mersen,MERSEN SA ANNUAL REPORT AND DOCUMENT DE REFERENCE 2014.pdf,2014,152,france
annual report,mersen,MERSEN SA ANNUAL REPORT AND DOCUMENT DE REFERENCE 2016.pdf,2016,153,france
annual report,mersen,MERSEN SA ANNUAL REPORT AND DOCUMENT DE REFERENCE 2017.pdf,2017,154,france
annual report,mersen,MERSEN SA ANNUAL REPORT AND DOCUMENT DE REFERENCE 2018.pdf,2018,155,france
annual report,mersen,MERSEN SA ANNUAL REPORT AND DOCUMENT DE REFERENCE 2015.pdf,2015,156,france
annual report,bnp paribas act.a,BNP PARIBAS SA ANNUAL REPORT AND DOCUMENT DE REFERENCE 2015.pdf,2015,157,france
annual report,bnp paribas act.a,BNP PARIBAS SA ANNUAL REPORT AND DOCUMENT DE REFERENCE 2016.pdf,2016,158,france
annual report,bnp paribas act.a,BNP PARIBAS SA ANNUAL REPORT AND DOCUMENT DE REFERENCE 2017.pdf,2017,159,france
annual report,bnp paribas act.a,BNP PARIBAS SA ANNUAL REPORT AND DOCUMENT DE REFERENCE 2018.pdf,2018,160,france
annual report,bnp paribas act.a,BNP PARIBAS SA ANNUAL REPORT AND DOCUMENT DE REFERENCE 2014.pdf,2014,161,france
annual report,hermes intl,HERMES INTERNATIONAL SCA ANNUAL REPORT AND DOCUMENT DE REFERENCE 2018.pdf,2018,162,france
annual report,hermes intl,HERMES INTERNATIONAL SCA REPORT AND ACCOUNTS 2014.pdf,2014,163,france
annual report,hermes intl,HERMES INTERNATIONAL SCA REPORT AND ACCOUNTS 2015.pdf,2015,164,france
annual report,hermes intl,HERMES INTERNATIONAL SCA ANNUAL REPORT AND DOCUMENT DE REFERENCE 2016.pdf,2016,165,france
annual report,hermes intl,HERMES INTERNATIONAL SCA ANNUAL REPORT AND DOCUMENT DE REFERENCE 2017.pdf,2017,166,france
annual report,publicis groupe sa,PUBLICIS GROUPE SA ANNUAL REPORT AND DOCUMENT DE REFERENCE 2015.pdf,2015,167,france
annual report,publicis groupe sa,PUBLICIS GROUPE SA ANNUAL REPORT AND DOCUMENT DE REFERENCE 2018.pdf,2018,168,france
annual report,publicis groupe sa,PUBLICIS GROUPE SA ANNUAL REPORT AND DOCUMENT DE REFERENCE 2017.pdf,2017,169,france
annual report,publicis groupe sa,PUBLICIS GROUPE SA ANNUAL REPORT AND DOCUMENT DE REFERENCE 2014.pdf,2014,170,france
annual report,publicis groupe sa,PUBLICIS GROUPE SA ANNUAL REPORT AND DOCUMENT DE REFERENCE 2016.pdf,2016,171,france
annual report,danone,DANONE SA ANNUAL REPORT AND DOCUMENT DE REFERENCE 2017.pdf,2017,172,france
annual report,danone,DANONE SA ANNUAL REPORT AND DOCUMENT DE REFERENCE 2014.pdf,2014,173,france
annual report,danone,DANONE SA ANNUAL REPORT AND DOCUMENT DE REFERENCE 2015.pdf,2015,174,france
annual report,danone,DANONE SA ANNUAL REPORT AND DOCUMENT DE REFERENCE 2018.pdf,2018,175,france
annual report,danone,DANONE SA ANNUAL REPORT AND DOCUMENT DE REFERENCE 2016.pdf,2016,176,france
annual report,atos,ATOS SE ANNUAL REPORT AND DOCUMENT DE REFERENCE 2018.pdf,2018,177,france
annual report,atos,ATOS SE ANNUAL REPORT AND DOCUMENT DE REFERENCE 2017.pdf,2017,178,france
annual report,atos,ATOS SE ANNUAL REPORT AND DOCUMENT DE REFERENCE 2016.pdf,2016,179,france
annual report,atos,ATOS SE ANNUAL REPORT AND DOCUMENT DE REFERENCE 2015.pdf,2015,180,france
annual report,atos,ATOS SE ANNUAL REPORT AND DOCUMENT DE REFERENCE 2014.pdf,2014,181,france
annual report,kering,KERING SA ANNUAL REPORT AND DOCUMENT DE REFERENCE 2016.pdf.pdf,2016,182,france
annual report,kering,KERING SA ANNUAL REPORT AND DOCUMENT DE REFERENCE 2018.pdf,2018,183,france
annual report,kering,KERING SA ANNUAL REPORT AND DOCUMENT DE REFERENCE 2014.pdf,2014,184,france
annual report,kering,KERING SA ANNUAL REPORT AND DOCUMENT DE REFERENCE 2017.pdf.pdf,2017,185,france
annual report,kering,KERING SA ANNUAL REPORT AND DOCUMENT DE REFERENCE 2015.pdf.pdf,2015,186,france
annual report,total,TOTAL SA ANNUAL REPORT AND DOCUMENT DE REFERENCE 2018.pdf,2018,187,france
annual report,total,TOTAL SA ANNUAL REPORT AND DOCUMENT DE REFERENCE 2015.pdf,2015,188,france
annual report,total,TOTAL SA ANNUAL REPORT AND DOCUMENT DE REFERENCE 2014.pdf,2014,189,france
annual report,total,TOTAL SA ANNUAL REPORT AND DOCUMENT DE REFERENCE 2016.pdf,2016,190,france
annual report,total,TOTAL SA ANNUAL REPORT AND DOCUMENT DE REFERENCE 2017.pdf,2017,191,france
annual report,safran,SAFRAN SA ANNUAL REPORT AND DOCUMENT DE REFERENCE 2016.pdf,2016,192,france
annual report,safran,SAFRAN SA ANNUAL REPORT AND DOCUMENT DE REFERENCE 2015.pdf,2015,193,france
annual report,safran,SAFRAN SA ANNUAL REPORT AND DOCUMENT DE REFERENCE 2014.pdf,2014,194,france
annual report,safran,SAFRAN SA ANNUAL REPORT AND DOCUMENT DE REFERENCE 2018.pdf,2018,195,france
annual report,safran,SAFRAN SA ANNUAL REPORT AND DOCUMENT DE REFERENCE 2017.pdf,2017,196,france
annual report,pernod ricard,PERNOD-RICARD SA ANNUAL REPORT AND DOCUMENT DE REFERENCE 2016.pdf,2016,197,france
annual report,pernod ricard,PERNOD-RICARD SA ANNUAL REPORT AND DOCUMENT DE REFERENCE 20142015.pdf,2015,198,france
annual report,pernod ricard,62263290.pdf,3290,199,france
annual report,deutsche post ag (dpw_gr),DEUTSCHE POST AG REPORT AND ACCOUNTS 2016.pdf,2016,600,germany
annual report,deutsche post ag (dpw_gr),DEUTSCHE POST AG REPORT AND ACCOUNTS 2017.pdf,2017,601,germany
annual report,deutsche post ag (dpw_gr),DEUTSCHE POST AG REPORT AND ACCOUNTS 2015.pdf,2015,602,germany
annual report,rwe ag (rwe_gr),RWE AG REPORT AND ACCOUNTS 2017.pdf,2017,603,germany
annual report,rwe ag (rwe_gr),RWE AG REPORT AND ACCOUNTS 2016.pdf,2016,604,germany
annual report,rwe ag (rwe_gr),RWE AG REPORT AND ACCOUNTS 2015.pdf,2015,605,germany
annual report,rwe ag (rwe_gr),RWE AG REPORT AND ACCOUNTS 2014.pdf,2014,606,germany
annual report,rwe ag (rwe_gr),RWE AG REPORT AND ACCOUNTS 2018.pdf,2018,607,germany
annual report,daimier ag (dai_gr),DAIMLER AG REPORT AND ACCOUNTS 2017.pdf,2017,608,germany
annual report,daimier ag (dai_gr),DAIMLER AG REPORT AND ACCOUNTS 2018.pdf,2018,609,germany
annual report,daimier ag (dai_gr),DAIMLER AG REPORT AND ACCOUNTS 2014.pdf,2014,610,germany
annual report,daimier ag (dai_gr),DAIMLER AG REPORT AND ACCOUNTS 2016.pdf,2016,611,germany
annual report,daimier ag (dai_gr),DAIMLER AG REPORT AND ACCOUNTS 2015.pdf,2015,612,germany
annual report,sap se (sap_gr),SAP AG REPORT AND ACCOUNTS 2014.pdf,2014,613,germany
annual report,sap se (sap_gr),SAP SE REPORT AND ACCOUNTS 2017.pdf,2017,614,germany
annual report,sap se (sap_gr),SAP AG REPORT AND ACCOUNTS 2015.pdf,2015,615,germany
annual report,sap se (sap_gr),SAP SE REPORT AND ACCOUNTS 2016.pdf,2016,616,germany
annual report,deutsche telekom ag (dte_gr),DEUTSCHE TELEKOM AG REPORT AND ACCOUNTS 2014.pdf,2014,617,germany
annual report,deutsche telekom ag (dte_gr),DEUTSCHE TELEKOM AG REPORT AND ACCOUNTS 2017.pdf,2017,618,germany
annual report,deutsche telekom ag (dte_gr),DEUTSCHE TELEKOM AG REPORT AND ACCOUNTS 2015.pdf,2015,619,germany
annual report,deutsche telekom ag (dte_gr),DEUTSCHE TELEKOM AG REPORT AND ACCOUNTS 2018.pdf,2018,620,germany
annual report,deutsche telekom ag (dte_gr),DEUTSCHE TELEKOM AG REPORT AND ACCOUNTS 2016.pdf,2016,621,germany
annual report,siemens ag (sie_gr),SIEMENS AG REPORT AND ACCOUNTS 2018.pdf,2018,622,germany
annual report,siemens ag (sie_gr),SIEMENS AG REPORT AND ACCOUNTS 2016.pdf,2016,623,germany
annual report,siemens ag (sie_gr),SIEMENS AG REPORT AND ACCOUNTS 2015.pdf,2015,624,germany
annual report,siemens ag (sie_gr),SIEMENS AG REPORT AND ACCOUNTS 2017.pdf,2017,625,germany
annual report,siemens ag (sie_gr),SIEMENS AG REPORT AND ACCOUNTS 2014.pdf,2014,626,germany
annual report,allianz se,ALLIANZ SE REPORT AND ACCOUNTS 2017.pdf,2017,627,germany
annual report,allianz se,ALLIANZ SE REPORT AND ACCOUNTS 2015.pdf,2015,628,germany
annual report,allianz se,ALLIANZ SE REPORT AND ACCOUNTS 2018.pdf,2018,629,germany
annual report,allianz se,ALLIANZ SE REPORT AND ACCOUNTS 2014.pdf,2014,630,germany
annual report,allianz se,ALLIANZ SE REPORT AND ACCOUNTS 2016.pdf,2016,631,germany
annual report,adidas ag,ADIDAS AG REPORT AND ACCOUNTS 2014.pdf,2014,632,germany
annual report,adidas ag,ADIDAS AG REPORT AND ACCOUNTS 2018-2.pdf,18-2,633,germany
annual report,adidas ag,ADIDAS AG REPORT AND ACCOUNTS 2016.pdf,2016,634,germany
annual report,adidas ag,ADIDAS AG REPORT AND ACCOUNTS 2015.pdf,2015,635,germany
annual report,adidas ag,ADIDAS AG REPORT AND ACCOUNTS 2017.pdf,2017,636,germany
annual report,thyssenkrupp ag (tka_gr),THYSSENKRUPP AG REPORT AND ACCOUNTS 2017.pdf,2017,637,germany
annual report,thyssenkrupp ag (tka_gr),THYSSENKRUPP AG REPORT AND ACCOUNTS 20152016.pdf,2016,638,germany
annual report,thyssenkrupp ag (tka_gr),THYSSENKRUPP AG REPORT AND ACCOUNTS 2018.pdf,2018,639,germany
annual report,thyssenkrupp ag (tka_gr),THYSSENKRUPP AG REPORT AND ACCOUNTS 20142015.pdf,2015,640,germany
annual report,continental ag (con_gr),CONTINENTAL AG REPORT AND ACCOUNTS 2018.pdf,2018,641,germany
annual report,continental ag (con_gr),CONTINENTAL AG REPORT AND ACCOUNTS 2015.pdf,2015,642,germany
annual report,continental ag (con_gr),CONTINENTAL AG REPORT AND ACCOUNTS 2014.pdf,2014,643,germany
annual report,continental ag (con_gr),CONTINENTAL AG REPORT AND ACCOUNTS 2017.pdf,2017,644,germany
annual report,continental ag (con_gr),CONTINENTAL AG REPORT AND ACCOUNTS 2016.pdf,2016,645,germany
annual report,beiersdorf ag (bei_gr),BEIERSDORF AG REPORT AND ACCOUNTS 2016.pdf,2016,646,germany
annual report,beiersdorf ag (bei_gr),BEIERSDORF AG REPORT AND ACCOUNTS 2015.pdf,2015,647,germany
annual report,beiersdorf ag (bei_gr),BEIERSDORF AG REPORT AND ACCOUNTS 2017.pdf,2017,648,germany
annual report,beiersdorf ag (bei_gr),BEIERSDORF AG REPORT AND ACCOUNTS 2014.pdf,2014,649,germany
annual report,beiersdorf ag (bei_gr),BEIERSDORF AG REPORT AND ACCOUNTS 2018.pdf,2018,650,germany
annual report,rexel,REXEL SA ANNUAL REPORT AND DOCUMENT DE REFERENCE 2018.pdf,2018,651,france
annual report,rexel,REXEL SA ANNUAL REPORT AND DOCUMENT DE REFERENCE 2016.pdf,2016,652,france
annual report,rexel,REXEL SA ANNUAL REPORT AND DOCUMENT DE REFERENCE 2014.pdf,2014,653,france
annual report,rexel,REXEL SA ANNUAL REPORT AND DOCUMENT DE REFERENCE 2015.pdf,2015,654,france
annual report,rexel,REXEL SA ANNUAL REPORT AND DOCUMENT DE REFERENCE 2017.pdf,2017,655,france
annual report,renault,RENAULT SA ANNUAL REPORT AND DOCUMENT DE REFERENCE 2015.pdf,2015,656,france
annual report,renault,RENAULT SA ANNUAL REPORT AND DOCUMENT DE REFERENCE 2017.pdf,2017,657,france
annual report,renault,RENAULT SA ANNUAL REPORT AND DOCUMENT DE REFERENCE 2016.pdf,2016,658,france
annual report,renault,RENAULT SA ANNUAL REPORT AND DOCUMENT DE REFERENCE 2014.pdf,2014,659,france
annual report,renault,RENAULT SA ANNUAL REPORT AND DOCUMENT DE REFERENCE 2018.pdf,2018,660,france
annual report,capgemini,CAP GEMINI SA ANNUAL REPORT AND DOCUMENT DE REFERENCE 2014.pdf,2014,661,france
annual report,capgemini,CAP GEMINI SA ANNUAL REPORT AND DOCUMENT DE REFERENCE 2015.pdf,2015,662,france
annual report,capgemini,CAP GEMINI SA ANNUAL REPORT AND DOCUMENT DE REFERENCE 2016.pdf,2016,663,france
annual report,capgemini,CAP GEMINI SA ANNUAL REPORT AND DOCUMENT DE REFERENCE 2017.pdf,2017,664,france
annual report,capgemini,CAP GEMINI SA ANNUAL REPORT AND DOCUMENT DE REFERENCE 2018.pdf,2018,665,france
annual report,mersen,MERSEN SA ANNUAL REPORT AND DOCUMENT DE REFERENCE 2014.pdf,2014,666,france
annual report,mersen,MERSEN SA ANNUAL REPORT AND DOCUMENT DE REFERENCE 2016.pdf,2016,667,france
annual report,mersen,MERSEN SA ANNUAL REPORT AND DOCUMENT DE REFERENCE 2017.pdf,2017,668,france
annual report,mersen,MERSEN SA ANNUAL REPORT AND DOCUMENT DE REFERENCE 2018.pdf,2018,669,france
annual report,mersen,MERSEN SA ANNUAL REPORT AND DOCUMENT DE REFERENCE 2015.pdf,2015,670,france
annual report,bnp paribas act.a,BNP PARIBAS SA ANNUAL REPORT AND DOCUMENT DE REFERENCE 2015.pdf,2015,671,france
annual report,bnp paribas act.a,BNP PARIBAS SA ANNUAL REPORT AND DOCUMENT DE REFERENCE 2016.pdf,2016,672,france
annual report,bnp paribas act.a,BNP PARIBAS SA ANNUAL REPORT AND DOCUMENT DE REFERENCE 2017.pdf,2017,673,france
annual report,bnp paribas act.a,BNP PARIBAS SA ANNUAL REPORT AND DOCUMENT DE REFERENCE 2018.pdf,2018,674,france
annual report,bnp paribas act.a,BNP PARIBAS SA ANNUAL REPORT AND DOCUMENT DE REFERENCE 2014.pdf,2014,675,france
annual report,hermes intl,HERMES INTERNATIONAL SCA ANNUAL REPORT AND DOCUMENT DE REFERENCE 2018.pdf,2018,676,france
annual report,hermes intl,HERMES INTERNATIONAL SCA REPORT AND ACCOUNTS 2014.pdf,2014,677,france
annual report,hermes intl,HERMES INTERNATIONAL SCA REPORT AND ACCOUNTS 2015.pdf,2015,678,france
annual report,hermes intl,HERMES INTERNATIONAL SCA ANNUAL REPORT AND DOCUMENT DE REFERENCE 2016.pdf,2016,679,france
annual report,hermes intl,HERMES INTERNATIONAL SCA ANNUAL REPORT AND DOCUMENT DE REFERENCE 2017.pdf,2017,680,france
annual report,publicis groupe sa,PUBLICIS GROUPE SA ANNUAL REPORT AND DOCUMENT DE REFERENCE 2015.pdf,2015,681,france
annual report,publicis groupe sa,PUBLICIS GROUPE SA ANNUAL REPORT AND DOCUMENT DE REFERENCE 2018.pdf,2018,682,france
annual report,publicis groupe sa,PUBLICIS GROUPE SA ANNUAL REPORT AND DOCUMENT DE REFERENCE 2017.pdf,2017,683,france
annual report,publicis groupe sa,PUBLICIS GROUPE SA ANNUAL REPORT AND DOCUMENT DE REFERENCE 2014.pdf,2014,684,france
annual report,publicis groupe sa,PUBLICIS GROUPE SA ANNUAL REPORT AND DOCUMENT DE REFERENCE 2016.pdf,2016,685,france
annual report,danone,DANONE SA ANNUAL REPORT AND DOCUMENT DE REFERENCE 2017.pdf,2017,686,france
annual report,danone,DANONE SA ANNUAL REPORT AND DOCUMENT DE REFERENCE 2014.pdf,2014,687,france
annual report,danone,DANONE SA ANNUAL REPORT AND DOCUMENT DE REFERENCE 2015.pdf,2015,688,france
annual report,danone,DANONE SA ANNUAL REPORT AND DOCUMENT DE REFERENCE 2018.pdf,2018,689,france
annual report,danone,DANONE SA ANNUAL REPORT AND DOCUMENT DE REFERENCE 2016.pdf,2016,690,france
annual report,atos,ATOS SE ANNUAL REPORT AND DOCUMENT DE REFERENCE 2018.pdf,2018,691,france
annual report,atos,ATOS SE ANNUAL REPORT AND DOCUMENT DE REFERENCE 2017.pdf,2017,692,france
annual report,atos,ATOS SE ANNUAL REPORT AND DOCUMENT DE REFERENCE 2016.pdf,2016,693,france
annual report,atos,ATOS SE ANNUAL REPORT AND DOCUMENT DE REFERENCE 2015.pdf,2015,694,france
annual report,atos,ATOS SE ANNUAL REPORT AND DOCUMENT DE REFERENCE 2014.pdf,2014,695,france
annual report,kering,KERING SA ANNUAL REPORT AND DOCUMENT DE REFERENCE 2016.pdf.pdf,2016,696,france
annual report,kering,KERING SA ANNUAL REPORT AND DOCUMENT DE REFERENCE 2018.pdf,2018,697,france
annual report,kering,KERING SA ANNUAL REPORT AND DOCUMENT DE REFERENCE 2014.pdf,2014,698,france
annual report,kering,KERING SA ANNUAL REPORT AND DOCUMENT DE REFERENCE 2017.pdf.pdf,2017,699,france
annual report,kering,KERING SA ANNUAL REPORT AND DOCUMENT DE REFERENCE 2015.pdf.pdf,2015,700,france
annual report,total,TOTAL SA ANNUAL REPORT AND DOCUMENT DE REFERENCE 2018.pdf,2018,701,france
annual report,total,TOTAL SA ANNUAL REPORT AND DOCUMENT DE REFERENCE 2015.pdf,2015,702,france
annual report,total,TOTAL SA ANNUAL REPORT AND DOCUMENT DE REFERENCE 2014.pdf,2014,703,france
annual report,total,TOTAL SA ANNUAL REPORT AND DOCUMENT DE REFERENCE 2016.pdf,2016,704,france
annual report,total,TOTAL SA ANNUAL REPORT AND DOCUMENT DE REFERENCE 2017.pdf,2017,705,france
annual report,safran,SAFRAN SA ANNUAL REPORT AND DOCUMENT DE REFERENCE 2016.pdf,2016,706,france
annual report,safran,SAFRAN SA ANNUAL REPORT AND DOCUMENT DE REFERENCE 2015.pdf,2015,707,france
annual report,safran,SAFRAN SA ANNUAL REPORT AND DOCUMENT DE REFERENCE 2014.pdf,2014,708,france
annual report,safran,SAFRAN SA ANNUAL REPORT AND DOCUMENT DE REFERENCE 2018.pdf,2018,709,france
annual report,safran,SAFRAN SA ANNUAL REPORT AND DOCUMENT DE REFERENCE 2017.pdf,2017,710,france
annual report,pernod ricard,PERNOD-RICARD SA ANNUAL REPORT AND DOCUMENT DE REFERENCE 2016.pdf,2016,711,france
annual report,pernod ricard,PERNOD-RICARD SA ANNUAL REPORT AND DOCUMENT DE REFERENCE 20142015.pdf,2015,712,france
annual report,pernod ricard,62263290.pdf,3290,713,france
annual report,pernod ricard,PERNOD-RICARD SA ANNUAL REPORT AND DOCUMENT DE REFERENCE 2017.pdf,2017,714,france
annual report,pernod ricard,PERNOD-RICARD SA ANNUAL REPORT AND DOCUMENT DE REFERENCE 2018.pdf,2018,715,france
annual report,legrand,LEGRAND SA ANNUAL REPORT AND DOCUMENT DE REFERENCE 2017.pdf,2017,716,france
annual report,legrand,LEGRAND SA ANNUAL REPORT AND DOCUMENT DE REFERENCE 2016.pdf,2016,717,france
annual report,legrand,LEGRAND SA ANNUAL REPORT AND DOCUMENT DE REFERENCE 2014.pdf,2014,718,france
annual report,legrand,LEGRAND SA ANNUAL REPORT AND DOCUMENT DE REFERENCE 2018.pdf.pdf,2018,719,france
annual report,legrand,LEGRAND SA ANNUAL REPORT AND DOCUMENT DE REFERENCE 2015.pdf,2015,720,france
annual report,nexity,NEXITY SA ANNUAL REPORT AND DOCUMENT DE REFERENCE 2018.pdf,2018,721,france
annual report,nexity,NEXITY SA ANNUAL REPORT AND DOCUMENT DE REFERENCE 2015.pdf,2015,722,france
annual report,nexity,NEXITY SA ANNUAL REPORT AND DOCUMENT DE REFERENCE 2017.pdf,2017,723,france
annual report,nexity,NEXITY SA ANNUAL REPORT AND DOCUMENT DE REFERENCE 2014.pdf,2014,724,france
annual report,nexity,NEXITY SA ANNUAL REPORT AND DOCUMENT DE REFERENCE 2016.pdf,2016,725,france
annual report,credit agricole,CREDIT AGRICOLE SA ANNUAL REPORT AND DOCUMENT DE REFERENCE 2014.pdf,2014,726,france
annual report,credit agricole,CREDIT AGRICOLE SA ANNUAL REPORT AND DOCUMENT DE REFERENCE 2016.pdf,2016,727,france
annual report,credit agricole,CREDIT AGRICOLE SA ANNUAL REPORT AND DOCUMENT DE REFERENCE 2015.pdf,2015,728,france
annual report,credit agricole,CREDIT AGRICOLE SA ANNUAL REPORT AND DOCUMENT DE REFERENCE 2018.pdf,2018,729,france
annual report,credit agricole,CREDIT AGRICOLE SA ANNUAL REPORT AND DOCUMENT DE REFERENCE 2017.pdf,2017,730,france
annual report,arcelormittal sa,ARCELORMITTAL SA REPORT AND ACCOUNTS 2016.pdf,2016,731,france
annual report,arcelormittal sa,ARCELORMITTAL SA REPORT AND ACCOUNTS 2017.pdf,2017,732,france
annual report,arcelormittal sa,ARCELORMITTAL SA REPORT AND ACCOUNTS 2014.pdf,2014,733,france
annual report,arcelormittal sa,ARCELORMITTAL SA REPORT AND ACCOUNTS 2015.pdf,2015,734,france
annual report,arcelormittal sa,ARCELORMITTAL SA REPORT AND ACCOUNTS 2018.pdf,2018,735,france
annual report,edf,ELECTRICITE DE FRANCE SA ANNUAL REPORT AND DOCUMENT DE REFERENCE 2018.pdf,2018,736,france
annual report,edf,ELECTRICITE DE FRANCE SA ANNUAL REPORT AND DOCUMENT DE REFERENCE 2017.pdf,2017,737,france
annual report,edf,ELECTRICITE DE FRANCE SA ANNUAL REPORT AND DOCUMENT DE REFERENCE 2015.pdf,2015,738,france
annual report,edf,ELECTRICITE DE FRANCE ANNUAL REPORT AND DOCUMENT DE REFERENCE 2014.pdf,2014,739,france
annual report,edf,ELECTRICITE DE FRANCE SA ANNUAL REPORT AND DOCUMENT DE REFERENCE 2016.pdf,2016,740,france
annual report,air france klm,AIR FRANCE-KLM ANNUAL REPORT AND DOCUMENT DE REFERENCE 2014.pdf,2014,741,france
annual report,air france klm,AIR FRANCE-KLM ANNUAL REPORT AND DOCUMENT DE REFERENCE 2016.pdf,2016,742,france
annual report,air france klm,AIR FRANCE-KLM ANNUAL REPORT AND DOCUMENT DE REFERENCE 2015.pdf,2015,743,france
annual report,air france klm,AIR FRANCE-KLM ANNUAL REPORT AND DOCUMENT DE REFERENCE 2017.pdf,2017,744,france
annual report,air france klm,AIR FRANCE-KLM ANNUAL REPORT AND DOCUMENT DE REFERENCE 2018.pdf,2018,745,france
annual report,saint gobain,COMPAGNIE DE SAINT-GOBAIN SA ANNUAL REPORT AND DOCUMENT DE REFERENCE 2016.pdf,2016,746,france
annual report,saint gobain,COMPAGNIE DE SAINT-GOBAIN SA ANNUAL REPORT AND DOCUMENT DE REFERENCE 2017.pdf,2017,747,france
annual report,saint gobain,COMPAGNIE DE SAINT-GOBAIN SA ANNUAL REPORT AND DOCUMENT DE REFERENCE 2014.pdf,2014,748,france
annual report,saint gobain,COMPAGNIE DE SAINT-GOBAIN SA ANNUAL REPORT AND DOCUMENT DE REFERENCE 2015.pdf,2015,749,france
annual report,saint gobain,COMPAGNIE DE SAINT-GOBAIN SA ANNUAL REPORT AND DOCUMENT DE REFERENCE 2018.pdf,2018,750,france
annual report,carrefour,CARREFOUR SA ANNUAL REPORT AND DOCUMENT DE REFERENCE 2016.pdf,2016,751,france
annual report,carrefour,CARREFOUR SA ANNUAL REPORT AND DOCUMENT DE REFERENCE 2015.pdf,2015,752,france
annual report,carrefour,CARREFOUR SA ANNUAL REPORT AND DOCUMENT DE REFERENCE 2017.pdf,2017,753,france
annual report,carrefour,CARREFOUR SA ANNUAL REPORT AND DOCUMENT DE REFERENCE 2018.pdf,2018,754,france
annual report,carrefour,CARREFOUR SA ANNUAL REPORT AND DOCUMENT DE REFERENCE 2014.pdf,2014,755,france
annual report,michelin,COMPAGNIE GENERALE DES ETABLISSEMENTS MICHELIN CIE ANNUAL REPORT AND DOCUMENT DE REFERENCE 2016.pdf,2016,756,france
annual report,michelin,COMPAGNIE GENERALE DES ETABLISSEMENTS MICHELIN CIE REPORT AND ACCOUNTS 2014.pdf,2014,757,france
annual report,michelin,COMPAGNIE GENERALE DES ETABLISSEMENTS MICHELIN CIE ANNUAL REPORT AND DOCUMENT DE REFERENCE 2017.pdf,2017,758,france
annual report,michelin,COMPAGNIE GENERALE DES ETABLISSEMENTS MICHELIN CIE ANNUAL REPORT AND DOCUMENT DE REFERENCE 2018.pdf,2018,759,france
annual report,lvmh,LVMH-MOET HENNESSY LOUIS VUITTON SE ANNUAL REPORT AND DOCUMENT DE REFERENCE 2018.pdf,2018,760,france
annual report,lvmh,LVMH-MOET HENNESSY LOUIS VUITTON SE ANNUAL REPORT AND DOCUMENT DE REFERENCE 2015.pdf,2015,761,france
annual report,lvmh,LVMH-MOET HENNESSY LOUIS VUITTON SE ANNUAL REPORT AND DOCUMENT DE REFERENCE 2017.pdf,2017,762,france
annual report,lvmh,LVMH-MOET HENNESSY LOUIS VUITTON SE ANNUAL REPORT AND DOCUMENT DE REFERENCE 2016.pdf,2016,763,france
annual report,lvmh,LVMH-MOET HENNESSY LOUIS VUITTON SE ANNUAL REPORT AND DOCUMENT DE REFERENCE 2014.pdf,2014,764,france
annual report,vinci,VINCI SA REPORT AND ACCOUNTS 2015.pdf,2015,765,france
annual report,vinci,VINCI SA REPORT AND ACCOUNTS 2014.pdf,2014,766,france
annual report,vinci,VINCI SA REPORT AND ACCOUNTS 2018.pdf,2018,767,france
annual report,vinci,VINCI SA REPORT AND ACCOUNTS 2017.pdf,2017,768,france
annual report,vinci,VINCI SA REPORT AND ACCOUNTS 2016.pdf,2016,769,france
annual report,airbus,AIRBUS GROUP SE REPORT AND ACCOUNTS 2018.pdf,2018,770,france
annual report,airbus,AIRBUS GROUP SE REPORT AND ACCOUNTS 2016.pdf,2016,771,france
annual report,airbus,AIRBUS GROUP SE REPORT AND ACCOUNTS 2017.pdf,2017,772,france
annual report,airbus,AIRBUS GROUP SE REPORT AND ACCOUNTS 2014.pdf,2014,773,france
annual report,airbus,AIRBUS GROUP SE REPORT AND ACCOUNTS 2015.pdf,2015,774,france
annual report,bouygues,BOUYGUES SA ANNUAL REPORT AND DOCUMENT DE REFERENCE 2016.pdf,2016,775,france
annual report,bouygues,BOUYGUES SA ANNUAL REPORT AND DOCUMENT DE REFERENCE 2014.pdf,2014,776,france
annual report,bouygues,BOUYGUES SA ANNUAL REPORT AND DOCUMENT DE REFERENCE 2018.pdf,2018,777,france
annual report,bouygues,BOUYGUES SA ANNUAL REPORT AND DOCUMENT DE REFERENCE 2015.pdf,2015,778,france
annual report,bouygues,BOUYGUES SA ANNUAL REPORT AND DOCUMENT DE REFERENCE 2017.pdf,2017,779,france
annual report,axa,AXA SA ANNUAL REPORT AND DOCUMENT DE REFERENCE 2014.pdf,2014,780,france
annual report,axa,AXA SA ANNUAL REPORT AND DOCUMENT DE REFERENCE 2017.pdf,2017,781,france
annual report,axa,AXA SA ANNUAL REPORT AND DOCUMENT DE REFERENCE 2015.pdf,2015,782,france
annual report,axa,AXA SA ANNUAL REPORT AND DOCUMENT DE REFERENCE 2016.pdf,2016,783,france
annual report,axa,AXA SA ANNUAL REPORT AND DOCUMENT DE REFERENCE 2018.pdf,2018,784,france
annual report,dassault systemes,DASSAULT SYSTEMES SA ANNUAL REPORT AND DOCUMENT DE REFERENCE 2015.pdf,2015,785,france
annual report,dassault systemes,DASSAULT SYSTEMES SA ANNUAL REPORT AND DOCUMENT DE REFERENCE 2018.pdf,2018,786,france
annual report,dassault systemes,DASSAULT SYSTEMES SA ANNUAL REPORT AND DOCUMENT DE REFERENCE 2016.pdf,2016,787,france
annual report,dassault systemes,DASSAULT SYSTEMES SA ANNUAL REPORT AND DOCUMENT DE REFERENCE 2014.pdf,2014,788,france
annual report,dassault systemes,DASSAULT SYSTEMES SA ANNUAL REPORT AND DOCUMENT DE REFERENCE 2017.pdf,2017,789,france
annual report,veolia environ.,VEOLIA ENVIRONNEMENT SA ANNUAL REPORT AND DOCUMENT DE REFERENCE 2015.pdf,2015,790,france
annual report,veolia environ.,VEOLIA ENVIRONNEMENT SA ANNUAL REPORT AND DOCUMENT DE REFERENCE 2018.pdf,2018,791,france
annual report,veolia environ.,VEOLIA ENVIRONNEMENT SA ANNUAL REPORT AND DOCUMENT DE REFERENCE 2014.pdf,2014,792,france
annual report,veolia environ.,VEOLIA ENVIRONNEMENT SA ANNUAL REPORT AND DOCUMENT DE REFERENCE 2016.pdf,2016,793,france
annual report,veolia environ.,VEOLIA ENVIRONNEMENT SA ANNUAL REPORT AND DOCUMENT DE REFERENCE 2017.pdf,2017,794,france
annual report,societe generale,SOCIETE GENERALE SA ANNUAL REPORT AND DOCUMENT DE REFERENCE 2018.pdf,2018,795,france
annual report,societe generale,SOCIETE GENERALE SA ANNUAL REPORT AND DOCUMENT DE REFERENCE 2017.pdf,2017,796,france
annual report,societe generale,SOCIETE GENERALE SA ANNUAL REPORT AND DOCUMENT DE REFERENCE 2015.pdf,2015,797,france
annual report,societe generale,SOCIETE GENERALE SA ANNUAL REPORT AND DOCUMENT DE REFERENCE 2014.pdf,2014,798,france
annual report,societe generale,SOCIETE GENERALE SA ANNUAL REPORT AND DOCUMENT DE REFERENCE 2016.pdf,2016,799,france
annual report,accor,ACCOR SA ANNUAL REPORT AND DOCUMENT DE REFERENCE 2018.pdf,2018,800,france
annual report,accor,ACCOR SA ANNUAL REPORT AND DOCUMENT DE REFERENCE 2014.pdf,2014,801,france
annual report,accor,ACCOR SA ANNUAL REPORT AND DOCUMENT DE REFERENCE 2017.pdf,2017,802,france
annual report,accor,ACCOR SA ANNUAL REPORT AND DOCUMENT DE REFERENCE 2015.pdf,2015,803,france
annual report,accor,ACCOR SA ANNUAL REPORT AND DOCUMENT DE REFERENCE 2016.pdf,2016,804,france
annual report,sanofi,SANOFI SA REPORT AND ACCOUNTS 2017.pdf,2017,805,france
annual report,sanofi,SANOFI SA REPORT AND ACCOUNTS 2016.pdf,2016,806,france
annual report,sanofi,SANOFI SA REPORT AND ACCOUNTS 2018.pdf,2018,807,france
annual report,engie,ENGIE SA ANNUAL REPORT AND DOCUMENT DE REFERENCE 2016.pdf,2016,808,france
annual report,engie,GDF SUEZ SA ANNUAL REPORT AND DOCUMENT DE REFERENCE 2014.pdf,2014,809,france
annual report,engie,ENGIE SA ANNUAL REPORT AND DOCUMENT DE REFERENCE 2018.pdf,2018,810,france
annual report,engie,ENGIE SA ANNUAL REPORT AND DOCUMENT DE REFERENCE 2017.pdf,2017,811,france
annual report,engie,ENGIE SA ANNUAL REPORT AND DOCUMENT DE REFERENCE 2015.pdf,2015,812,france
annual report,stmicroelectronics,STMICROELECTRONICS NV REPORT AND ACCOUNTS 2015.pdf,2015,813,france
annual report,stmicroelectronics,STMICROELECTRONICS NV REPORT AND ACCOUNTS 2017.pdf,2017,814,france
annual report,stmicroelectronics,STMICROELECTRONICS NV REPORT AND ACCOUNTS 2016.pdf,2016,815,france
annual report,stmicroelectronics,STMICROELECTRONICS NV REPORT AND ACCOUNTS 2014.pdf,2014,816,france
annual report,stmicroelectronics,STMICROELECTRONICS NV REPORT AND ACCOUNTS 2018.pdf,2018,817,france
annual report,orange,ORANGE SA ANNUAL REPORT AND DOCUMENT DE REFERENCE 2016.pdf,2016,818,france
annual report,orange,ORANGE SA ANNUAL REPORT AND DOCUMENT DE REFERENCE 2015.pdf,2015,819,france
annual report,orange,ORANGE SA ANNUAL REPORT AND DOCUMENT DE REFERENCE 2017.pdf,2017,820,france
annual report,orange,ORANGE SA ANNUAL REPORT AND DOCUMENT DE REFERENCE 2018.pdf,2018,821,france
annual report,orange,ORANGE SA ANNUAL REPORT AND DOCUMENT DE REFERENCE 2014.pdf,2014,822,france
annual report,essilorluxottica,ESSILORLUXOTTICA SA ANNUAL REPORT AND DOCUMENT DE REFERENCE 2018.pdf,2018,823,france
annual report,essilorluxottica,ESSILOR INTERNATIONAL SA ANNUAL REPORT AND DOCUMENT DE REFERENCE 2016.pdf,2016,824,france
annual report,essilorluxottica,ESSILOR INTERNATIONAL SA ANNUAL REPORT AND DOCUMENT DE REFERENCE 2017.pdf,2017,825,france
annual report,essilorluxottica,ESSILOR INTERNATIONAL SA ANNUAL REPORT AND DOCUMENT DE REFERENCE 2014.pdf,2014,826,france
annual report,essilorluxottica,ESSILOR INTERNATIONAL SA ANNUAL REPORT AND DOCUMENT DE REFERENCE 2015.pdf,2015,827,france
annual report,schneider electric,SCHNEIDER ELECTRIC SA ANNUAL REPORT AND DOCUMENT DE REFERENCE 2015.pdf,2015,828,france
annual report,schneider electric,SCHNEIDER ELECTRIC SA ANNUAL REPORT AND DOCUMENT DE REFERENCE 2016.pdf,2016,829,france
annual report,schneider electric,SCHNEIDER ELECTRIC SA ANNUAL REPORT AND DOCUMENT DE REFERENCE 2018.pdf,2018,830,france
annual report,schneider electric,SCHNEIDER ELECTRIC SA ANNUAL REPORT AND DOCUMENT DE REFERENCE 2014.pdf,2014,831,france
annual report,schneider electric,SCHNEIDER ELECTRIC SA ANNUAL REPORT AND DOCUMENT DE REFERENCE 2017.pdf,2017,832,france
annual report,vivendi,VIVENDI SA ANNUAL REPORT AND DOCUMENT DE REFERENCE 2015.pdf,2015,833,france
annual report,vivendi,VIVENDI SA ANNUAL REPORT AND DOCUMENT DE REFERENCE 2017.pdf,2017,834,france
annual report,vivendi,VIVENDI SA ANNUAL REPORT AND DOCUMENT DE REFERENCE 2018.pdf,2018,835,france
annual report,vivendi,VIVENDI SA ANNUAL REPORT AND DOCUMENT DE REFERENCE 2016.pdf,2016,836,france
annual report,vivendi,VIVENDI SA REPORT AND ACCOUNTS 2014.pdf,2014,837,france
annual report,sodexo,SODEXO SA ANNUAL REPORT AND DOCUMENT DE REFERENCE 2018.pdf,2018,838,france
annual report,sodexo,SODEXO SA ANNUAL REPORT AND DOCUMENT DE REFERENCE 20142015.pdf,2015,839,france
annual report,sodexo,SODEXO SA ANNUAL REPORT AND DOCUMENT DE REFERENCE 2017.pdf,2017,840,france
annual report,sodexo,SODEXO SA ANNUAL REPORT AND DOCUMENT DE REFERENCE 20152016.pdf,2016,841,france
annual report,peugeot,PEUGEOT SA ANNUAL REPORT AND DOCUMENT DE REFERENCE 2015.pdf,2015,842,france
annual report,peugeot,PEUGEOT SA ANNUAL REPORT AND DOCUMENT DE REFERENCE 2017.pdf,2017,843,france
annual report,peugeot,PSA PEUGEOT CITROEN ANNUAL REPORT AND DOCUMENT DE REFERENCE 2014.pdf,2014,844,france
annual report,peugeot,PEUGEOT SA ANNUAL REPORT AND DOCUMENT DE REFERENCE 2018.pdf,2018,845,france
annual report,peugeot,PEUGEOT SA ANNUAL REPORT AND DOCUMENT DE REFERENCE 2016.pdf,2016,846,france
annual report,unibail-rodamco-we,UNIBAIL-RODAMCO SE ANNUAL REPORT AND DOCUMENT DE REFERENCE 2017.pdf,2017,847,france
annual report,unibail-rodamco-we,UNIBAIL-RODAMCO SE REPORT AND ACCOUNTS 2014.pdf,2014,848,france
annual report,unibail-rodamco-we,UNIBAIL-RODAMCO-WESTFIEL ANNUAL REPORT AND DOCUMENT DE REFERENCE 2018.pdf,2018,849,france
annual report,unibail-rodamco-we,UNIBAIL-RODAMCO SE REPORT AND ACCOUNTS 2015.pdf,2015,850,france
annual report,unibail-rodamco-we,UNIBAIL-RODAMCO SE REPORT AND ACCOUNTS 2016.pdf,2016,851,france
annual report,technipfmc,TECHNIP SA ANNUAL REPORT AND DOCUMENT DE REFERENCE 2015.pdf,2015,852,france
annual report,technipfmc,TECHNIP SA ANNUAL REPORT AND DOCUMENT DE REFERENCE 2014.pdf,2014,853,france
annual report,technipfmc,TECHNIP SA ANNUAL REPORT AND DOCUMENT DE REFERENCE 2017.pdf,2017,854,france
annual report,technipfmc,TECHNIPFMC PLC REPORT AND ACCOUNTS 2018.pdf,2018,855,france
annual report,l_oreal,L OREAL SA ANNUAL REPORT AND DOCUMENT DE REFERENCE 2017.pdf,2017,856,france
annual report,l_oreal,L OREAL SA ANNUAL REPORT AND DOCUMENT DE REFERENCE 2015.pdf,2015,857,france
annual report,l_oreal,L OREAL SA ANNUAL REPORT AND DOCUMENT DE REFERENCE 2014.pdf,2014,858,france
annual report,l_oreal,L OREAL SA ANNUAL REPORT AND DOCUMENT DE REFERENCE 2018.pdf,2018,859,france
annual report,l_oreal,L OREAL SA ANNUAL REPORT AND DOCUMENT DE REFERENCE 2016.pdf.pdf,2016,860,france
annual report,rightmove,RIGHTMOVE PLC REPORT AND ACCOUNTS 2014.pdf,2014,400,united kingdom
annual report,rightmove,RIGHTMOVE PLC REPORT AND ACCOUNTS 2015.pdf,2015,401,united kingdom
annual report,morgan advanced materials plc,MORGAN ADVANCED MATERIALS PLC REPORT AND ACCOUNTS 2018.pdf,2018,402,united kingdom
annual report,morgan advanced materials plc,MORGAN ADVANCED MATERIALS PLC REPORT AND ACCOUNTS 2014.pdf,2014,403,united kingdom
annual report,morgan advanced materials plc,MORGAN ADVANCED MATERIALS PLC REPORT AND ACCOUNTS 2017.pdf,2017,404,united kingdom
annual report,morgan advanced materials plc,MORGAN ADVANCED MATERIALS PLC REPORT AND ACCOUNTS 2015.pdf,2015,405,united kingdom
annual report,morgan advanced materials plc,MORGAN ADVANCED MATERIALS PLC REPORT AND ACCOUNTS 2016.pdf,2016,406,united kingdom
annual report,british american tobacco,BRITISH AMERICAN TOBACCO PLC REPORT AND ACCOUNTS AND FORM 20-F 2018.pdf,2018,407,united kingdom
annual report,british american tobacco,BRITISH AMERICAN TOBACCO PLC REPORT AND ACCOUNTS AND FORM 20-F 2017.pdf,2017,408,united kingdom
annual report,british american tobacco,BRITISH AMERICAN TOBACCO PLC REPORT AND ACCOUNTS 2015.pdf,2015,409,united kingdom
annual report,british american tobacco,BRITISH AMERICAN TOBACCO PLC REPORT AND ACCOUNTS 2014.pdf,2014,410,united kingdom
annual report,british american tobacco,BRITISH AMERICAN TOBACCO PLC REPORT AND ACCOUNTS 2016.pdf,2016,411,united kingdom
annual report,direct line insurance plc,DIRECT LINE INSURANCE GROUP PLC REPORT AND ACCOUNTS 2016.pdf,2016,412,united kingdom
annual report,direct line insurance plc,DIRECT LINE INSURANCE GROUP PLC REPORT AND ACCOUNTS 2017.pdf,2017,413,united kingdom
annual report,direct line insurance plc,DIRECT LINE INSURANCE GROUP PLC REPORT AND ACCOUNTS 2014.pdf,2014,414,united kingdom
annual report,direct line insurance plc,DIRECT LINE INSURANCE GROUP PLC REPORT AND ACCOUNTS 2018.pdf,2018,415,united kingdom
annual report,direct line insurance plc,DIRECT LINE INSURANCE GROUP PLC REPORT AND ACCOUNTS 2015.pdf,2015,416,united kingdom
annual report,experian,EXPERIAN PLC REPORT AND ACCOUNTS 2015.pdf,2015,417,united kingdom
annual report,experian,EXPERIAN PLC REPORT AND ACCOUNTS 2014.pdf,2014,418,united kingdom
annual report,experian,EXPERIAN PLC REPORT AND ACCOUNTS 2016.pdf,2016,419,united kingdom
annual report,experian,EXPERIAN PLC REPORT AND ACCOUNTS 2017.pdf,2017,420,united kingdom
annual report,experian,EXPERIAN PLC REPORT AND ACCOUNTS 2018.pdf,2018,421,united kingdom
annual report,tesco,TESCO PLC REPORT AND ACCOUNTS 2018.pdf,2018,422,united kingdom
annual report,tesco,TESCO PLC REPORT AND ACCOUNTS 2017.pdf,2017,423,united kingdom
annual report,tesco,TESCO PLC REPORT AND ACCOUNTS 2015.pdf,2015,424,united kingdom
annual report,tesco,TESCO PLC REPORT AND ACCOUNTS 2014.pdf,2014,425,united kingdom
annual report,tesco,TESCO PLC REPORT AND ACCOUNTS 2016.pdf,2016,426,united kingdom
annual report,bp,BP PLC REPORT AND ACCOUNTS 2015.pdf,2015,427,united kingdom
annual report,bp,BP PLC REPORT AND ACCOUNTS 2014.pdf,2014,428,united kingdom
annual report,bp,BP PLC REPORT AND ACCOUNTS AND FORM 20-F 2018.pdf,2018,429,united kingdom
annual report,bp,BP PLC REPORT AND ACCOUNTS AND FORM 20-F 2017.pdf,2017,430,united kingdom
annual report,bp,BP PLC REPORT AND ACCOUNTS 2016.pdf,2016,431,united kingdom
annual report,barclays,BARCLAYS PLC REPORT AND ACCOUNTS 2018.pdf,2018,432,united kingdom
annual report,barclays,BARCLAYS PLC REPORT AND ACCOUNTS 2016.pdf,2016,433,united kingdom
annual report,barclays,BARCLAYS PLC REPORT AND ACCOUNTS 2015.pdf,2015,434,united kingdom
annual report,barclays,BARCLAYS PLC REPORT AND ACCOUNTS 2014.pdf,2014,435,united kingdom
annual report,barclays,BARCLAYS PLC REPORT AND ACCOUNTS 2017.pdf,2017,436,united kingdom
annual report,rpc group,RPC GROUP PLC REPORT AND ACCOUNTS 2016.pdf,2016,437,united kingdom
annual report,rpc group,RPC GROUP PLC REPORT AND ACCOUNTS 2017.pdf,2017,438,united kingdom
annual report,rpc group,RPC GROUP PLC REPORT AND ACCOUNTS 2015.pdf,2015,439,united kingdom
annual report,rpc group,RPC GROUP PLC REPORT AND ACCOUNTS 2018.pdf,2018,440,united kingdom
annual report,rpc group,RPC GROUP PLC REPORT AND ACCOUNTS 2014.pdf,2014,441,united kingdom
annual report,crh plc,CRH PLC REPORT AND ACCOUNTS 2018.pdf,2018,442,united kingdom
annual report,crh plc,CRH PLC REPORT AND ACCOUNTS 2014.pdf,2014,443,united kingdom
annual report,crh plc,CRH PLC REPORT AND ACCOUNTS 2016.pdf,2016,444,united kingdom
annual report,crh plc,CRH PLC REPORT AND ACCOUNTS 2015.pdf,2015,445,united kingdom
annual report,crh plc,CRH PLC REPORT AND ACCOUNTS 2017.pdf,2017,446,united kingdom
annual report,sse plc,SSE PLC REPORT AND ACCOUNTS 2018.pdf,2018,447,united kingdom
annual report,sse plc,SSE PLC REPORT AND ACCOUNTS 2014.pdf,2014,448,united kingdom
annual report,sse plc,SSE PLC REPORT AND ACCOUNTS 2015.pdf,2015,449,united kingdom
annual report,sse plc,SSE PLC REPORT AND ACCOUNTS 2017.pdf,2017,450,united kingdom
annual report,sse plc,SSE PLC REPORT AND ACCOUNTS 2016.pdf,2016,451,united kingdom
annual report,crest nicholson,CREST NICHOLSON HOLDINGS PLC REPORT AND ACCOUNTS 2017.pdf,2017,452,united kingdom
annual report,crest nicholson,CRH PLC REPORT AND ACCOUNTS 2018.pdf,2018,453,united kingdom
annual report,crest nicholson,CREST NICHOLSON HOLDINGS PLC REPORT AND ACCOUNTS 2014.pdf,2014,454,united kingdom
annual report,crest nicholson,CREST NICHOLSON HOLDINGS PLC REPORT AND ACCOUNTS 2016.pdf,2016,455,united kingdom
annual report,crest nicholson,CREST NICHOLSON HOLDINGS PLC REPORT AND ACCOUNTS 2018.pdf,2018,456,united kingdom
annual report,crest nicholson,CREST NICHOLSON HOLDINGS PLC REPORT AND ACCOUNTS 2015.pdf,2015,457,united kingdom
annual report,domino_s pizza group plc,DOMINOS PIZZA GROUP PLC REPORT AND ACCOUNTS 2017.pdf,2017,458,united kingdom
annual report,domino_s pizza group plc,DOMINOS PIZZA GROUP PLC REPORT AND ACCOUNTS 2014.pdf,2014,459,united kingdom
annual report,domino_s pizza group plc,DOMINOS PIZZA GROUP PLC REPORT AND ACCOUNTS 2015.pdf,2015,460,united kingdom
annual report,domino_s pizza group plc,DOMINOS PIZZA GROUP PLC REPORT AND ACCOUNTS 2018.pdf,2018,461,united kingdom
annual report,domino_s pizza group plc,DOMINOS PIZZA GROUP PLC REPORT AND ACCOUNTS 2016.pdf,2016,462,united kingdom
annual report,barratt developments plc,BARRATT DEVELOPMENTS PLC REPORT AND ACCOUNTS 2017.pdf,2017,463,united kingdom
annual report,barratt developments plc,BARRATT DEVELOPMENTS PLC REPORT AND ACCOUNTS 2018.pdf,2018,464,united kingdom
annual report,barratt developments plc,BARRATT DEVELOPMENTS PLC REPORT AND ACCOUNTS 2015.pdf,2015,465,united kingdom
annual report,barratt developments plc,BARRATT DEVELOPMENTS PLC REPORT AND ACCOUNTS 2014.pdf,2014,466,united kingdom
annual report,barratt developments plc,BARRATT DEVELOPMENTS PLC REPORT AND ACCOUNTS 2016.pdf,2016,467,united kingdom
annual report,itv,ITV PLC REPORT AND ACCOUNTS 2018.pdf,2018,468,united kingdom
annual report,itv,ITV PLC REPORT AND ACCOUNTS 2015.pdf,2015,469,united kingdom
annual report,itv,ITV PLC REPORT AND ACCOUNTS 2014.pdf,2014,470,united kingdom
annual report,itv,ITV PLC REPORT AND ACCOUNTS 2016.pdf,2016,471,united kingdom
annual report,itv,ITV PLC REPORT AND ACCOUNTS 2017.pdf,2017,472,united kingdom
annual report,easyjet,EASYJET PLC REPORT AND ACCOUNTS 2017.pdf,2017,473,united kingdom
annual report,easyjet,EASYJET PLC REPORT AND ACCOUNTS 2018.pdf,2018,474,united kingdom
annual report,easyjet,EASYJET PLC REPORT AND ACCOUNTS 2015.pdf,2015,475,united kingdom
annual report,easyjet,EASYJET PLC REPORT AND ACCOUNTS 2014.pdf,2014,476,united kingdom
annual report,easyjet,EASYJET PLC REPORT AND ACCOUNTS 2016.pdf,2016,477,united kingdom
annual report,glencore,GLENCORE PLC REPORT AND ACCOUNTS 2018.pdf,2018,478,united kingdom
annual report,glencore,GLENCORE PLC REPORT AND ACCOUNTS 2017.pdf,2017,479,united kingdom
annual report,glencore,GLENCORE PLC REPORT AND ACCOUNTS 2015.pdf,2015,480,united kingdom
annual report,glencore,GLENCORE PLC REPORT AND ACCOUNTS 2016.pdf,2016,481,united kingdom
annual report,glencore,GLENCORE PLC REPORT AND ACCOUNTS 2014.pdf,2014,482,united kingdom
annual report,segro plc,SEGRO PLC REPORT AND ACCOUNTS 2015.pdf,2015,483,united kingdom
annual report,segro plc,SEGRO PLC REPORT AND ACCOUNTS 2017.pdf,2017,484,united kingdom
annual report,segro plc,SEGRO PLC REPORT AND ACCOUNTS 2016.pdf,2016,485,united kingdom
annual report,segro plc,SEGRO PLC REPORT AND ACCOUNTS 2018.pdf,2018,486,united kingdom
annual report,segro plc,SEGRO PLC REPORT AND ACCOUNTS 2014.pdf,2014,487,united kingdom
annual report,aggreko plc,AGGREKO PLC REPORT AND ACCOUNTS 2014.pdf,2014,488,united kingdom
annual report,aggreko plc,AGGREKO PLC REPORT AND ACCOUNTS 2017.pdf,2017,489,united kingdom
annual report,aggreko plc,AGGREKO PLC REPORT AND ACCOUNTS 2015.pdf,2015,490,united kingdom
annual report,aggreko plc,AGGREKO PLC REPORT AND ACCOUNTS 2018.pdf,2018,491,united kingdom
annual report,aggreko plc,AGGREKO PLC REPORT AND ACCOUNTS 2016.pdf,2016,492,united kingdom
annual report,pennon group plc,PENNON GROUP PLC REPORT AND ACCOUNTS 2015.pdf,2015,493,united kingdom
annual report,pennon group plc,PENNON GROUP PLC REPORT AND ACCOUNTS 2017.pdf,2017,494,united kingdom
annual report,pennon group plc,PENNON GROUP PLC REPORT AND ACCOUNTS 2018.pdf,2018,495,united kingdom
annual report,pennon group plc,PENNON GROUP PLC REPORT AND ACCOUNTS 2014.pdf,2014,496,united kingdom
annual report,pennon group plc,PENNON GROUP PLC REPORT AND ACCOUNTS 2016.pdf,2016,497,united kingdom
annual report,relx group,REED ELSEVIER PLC REPORT AND ACCOUNTS 2014.pdf,2014,498,united kingdom
annual report,relx group,RELX PLC REPORT AND ACCOUNTS 2015.pdf,2015,499,united kingdom
annual report,relx group,RELX PLC REPORT AND ACCOUNTS 2016.pdf,2016,500,united kingdom
annual report,relx group,REED ELSEVIER PLC REPORT AND ACCOUNTS 2014(1).pdf,4(1),501,united kingdom
annual report,relx group,RELX PLC REPORT AND ACCOUNTS 2017.pdf,2017,502,united kingdom
annual report,relx group,RELX PLC REPORT AND ACCOUNTS 2018.pdf,2018,503,united kingdom
annual report,ashtead group plc,ASHTEAD GROUP PLC REPORT AND ACCOUNTS 2017.pdf,2017,504,united kingdom
annual report,ashtead group plc,ASHTEAD GROUP PLC REPORT AND ACCOUNTS 2018.pdf,2018,505,united kingdom
annual report,ashtead group plc,ASHTEAD GROUP PLC REPORT AND ACCOUNTS 2016.pdf,2016,506,united kingdom
annual report,ashtead group plc,ASHTEAD GROUP PLC REPORT AND ACCOUNTS 2014.pdf,2014,507,united kingdom
annual report,ashtead group plc,ASHTEAD GROUP PLC REPORT AND ACCOUNTS 2015.pdf,2015,508,united kingdom
annual report,united utilities plc,UNITED UTILITIES GROUP PLC REPORT AND ACCOUNTS 2016.pdf,2016,509,united kingdom
annual report,united utilities plc,UNITED UTILITIES GROUP PLC REPORT AND ACCOUNTS 2015.pdf,2015,510,united kingdom
annual report,united utilities plc,UNITED UTILITIES GROUP PLC REPORT AND ACCOUNTS 2018.pdf,2018,511,united kingdom
annual report,united utilities plc,UNITED UTILITIES GROUP PLC REPORT AND ACCOUNTS 2017.pdf,2017,512,united kingdom
annual report,united utilities plc,UNITED UTILITIES GROUP PLC REPORT AND ACCOUNTS 2014.pdf,2014,513,united kingdom
annual report,henkel ag _ co kgaa (hen3_gr),HENKEL AG AND COMPANY KGAA REPORT AND ACCOUNTS 2017.pdf,2017,514,germany
annual report,henkel ag _ co kgaa (hen3_gr),HENKEL AG AND COMPANY KGAA REPORT AND ACCOUNTS 2018.pdf,2018,515,germany
annual report,henkel ag _ co kgaa (hen3_gr),HENKEL AG AND COMPANY KGAA REPORT AND ACCOUNTS 2016.pdf,2016,516,germany
annual report,henkel ag _ co kgaa (hen3_gr),HENKEL AG AND COMPANY KGAA REPORT AND ACCOUNTS 2016(1).pdf,6(1),517,germany
annual report,henkel ag _ co kgaa (hen3_gr),HENKEL AG AND COMPANY KGAA REPORT AND ACCOUNTS 2014.pdf,2014,518,germany
annual report,e.on se (eoan_gr),E.ON SE REPORT AND ACCOUNTS 2017.pdf,2017,519,germany
annual report,e.on se (eoan_gr),E.ON SE REPORT AND ACCOUNTS 2018.pdf,2018,520,germany
annual report,e.on se (eoan_gr),E.ON SE REPORT AND ACCOUNTS 2016.pdf,2016,521,germany
annual report,e.on se (eoan_gr),E.ON SE REPORT AND ACCOUNTS 2014.pdf,2014,522,germany
annual report,e.on se (eoan_gr),E.ON SE REPORT AND ACCOUNTS 2015.pdf,2015,523,germany
annual report,frensenius medical care ag _ co kgaa (fme.gr),FRESENIUS MEDICAL CARE AG AND COMPANY KGAA REPORT AND ACCOUNTS 2014.pdf,2014,524,germany
annual report,frensenius medical care ag _ co kgaa (fme.gr),FRESENIUS MEDICAL CARE AG AND COMPANY KGAA REPORT AND ACCOUNTS 2015.pdf,2015,525,germany
annual report,frensenius medical care ag _ co kgaa (fme.gr),FRESENIUS MEDICAL CARE AG AND COMPANY KGAA REPORT AND ACCOUNTS 2016.pdf,2016,526,germany
annual report,frensenius medical care ag _ co kgaa (fme.gr),FRESENIUS MEDICAL CARE AG AND COMPANY KGAA REPORT AND ACCOUNTS 2017.pdf,2017,527,germany
annual report,frensenius medical care ag _ co kgaa (fme.gr),FRESENIUS MEDICAL CARE AG AND COMPANY KGAA REPORT AND ACCOUNTS 2018.pdf,2018,528,germany
annual report,commerzbank ag (cbk_gr),COMMERZBANK AG REPORT AND ACCOUNTS 2014.pdf,2014,529,germany
annual report,commerzbank ag (cbk_gr),COMMERZBANK AG REPORT AND ACCOUNTS 2016.pdf,2016,530,germany
annual report,commerzbank ag (cbk_gr),COMMERZBANK AG REPORT AND ACCOUNTS 2018.pdf,2018,531,germany
annual report,commerzbank ag (cbk_gr),COMMERZBANK AG REPORT AND ACCOUNTS 2015.pdf,2015,532,germany
annual report,commerzbank ag (cbk_gr),COMMERZBANK AG REPORT AND ACCOUNTS 2017.pdf,2017,533,germany
annual report,merck kgaa (mrk_gr),MERCK KGAA REPORT AND ACCOUNTS 2016.pdf,2016,534,germany
annual report,merck kgaa (mrk_gr),MERCK KGAA REPORT AND ACCOUNTS 2014.pdf,2014,535,germany
annual report,merck kgaa (mrk_gr),MERCK KGAA REPORT AND ACCOUNTS 2015.pdf,2015,536,germany
annual report,merck kgaa (mrk_gr),MERCK KGAA REPORT AND ACCOUNTS 2017.pdf,2017,537,germany
annual report,merck kgaa (mrk_gr),MERCK KGAA REPORT AND ACCOUNTS 2018.pdf,2018,538,germany
annual report,heidelbergcement ag (hei_gr),HEIDELBERGCEMENT AG REPORT AND ACCOUNTS 2018.pdf,2018,539,germany
annual report,heidelbergcement ag (hei_gr),HEIDELBERGCEMENT AG REPORT AND ACCOUNTS 2016.pdf,2016,540,germany
annual report,heidelbergcement ag (hei_gr),HEIDELBERGCEMENT AG REPORT AND ACCOUNTS 2014.pdf,2014,541,germany
annual report,heidelbergcement ag (hei_gr),HEIDELBERGCEMENT AG REPORT AND ACCOUNTS 2015.pdf,2015,542,germany
annual report,heidelbergcement ag (hei_gr),HEIDELBERGCEMENT AG REPORT AND ACCOUNTS 2017.pdf,2017,543,germany
annual report,basf se,BASF SE REPORT AND ACCOUNTS 2015.pdf,2015,544,germany
annual report,basf se,BASF SE REPORT AND ACCOUNTS 2016.pdf,2016,545,germany
annual report,basf se,BASF SE REPORT AND ACCOUNTS 2017.pdf,2017,546,germany
annual report,basf se,BASF SE REPORT AND ACCOUNTS 2014.pdf,2014,547,germany
annual report,basf se,BASF SE REPORT AND ACCOUNTS 2018.pdf,2018,548,germany
annual report,covestro se,COVESTRO AG REPORT AND ACCOUNTS 2015.pdf,2015,549,germany
annual report,covestro se,COVESTRO AG REPORT AND ACCOUNTS 2018.pdf,2018,550,germany
annual report,covestro se,COVESTRO AG REPORT AND ACCOUNTS 2017.pdf,2017,551,germany
annual report,covestro se,COVESTRO AG REPORT AND ACCOUNTS 2016.pdf,2016,552,germany
annual report,muenchener rckvrrgs gsllcht mhn ag in mu (muv2_gr),MUNCHENER RUCKVERSICHERUNGS-GESELLSCHAFT AG REPORT AND ACCOUNTS 2016.pdf,2016,553,germany
annual report,muenchener rckvrrgs gsllcht mhn ag in mu (muv2_gr),MUNCHENER RUCKVERSICHERUNGS-GESELLSCHAFT AG REPORT AND ACCOUNTS 2018.pdf,2018,554,germany
annual report,muenchener rckvrrgs gsllcht mhn ag in mu (muv2_gr),MUNCHENER RUCKVERSICHERUNGS-GESELLSCHAFT AG REPORT AND ACCOUNTS 2017.pdf,2017,555,germany
annual report,muenchener rckvrrgs gsllcht mhn ag in mu (muv2_gr),MUNCHENER RUCKVERSICHERUNGS-GESELLSCHAFT AG REPORT AND ACCOUNTS 2014.pdf,2014,556,germany
annual report,muenchener rckvrrgs gsllcht mhn ag in mu (muv2_gr),MUNCHENER RUCKVERSICHERUNGS-GESELLSCHAFT AG REPORT AND ACCOUNTS 2015.pdf,2015,557,germany
annual report,vonovia se (vna_gr),CONWERT IMMOBILIEN INVEST SE REPORT AND ACCOUNTS 2014.pdf,2014,558,germany
annual report,vonovia se (vna_gr),VONOVIA SE REPORT AND ACCOUNTS 2017.pdf,2017,559,germany
annual report,vonovia se (vna_gr),VONOVIA SE REPORT AND ACCOUNTS 2018.pdf,2018,560,germany
annual report,vonovia se (vna_gr),VONOVIA SE REPORT AND ACCOUNTS 2016.pdf,2016,561,germany
annual report,vonovia se (vna_gr),VONOVIA SE REPORT AND ACCOUNTS 2015.pdf,2015,562,germany
annual report,bayer ag,BAYER AG REPORT AND ACCOUNTS 2014.pdf,2014,563,germany
annual report,bayer ag,BAYER AG REPORT AND ACCOUNTS 2017.pdf,2017,564,germany
annual report,bayer ag,BAYER AG REPORT AND ACCOUNTS 2015.pdf,2015,565,germany
annual report,bayer ag,BAYER AG REPORT AND ACCOUNTS 2018.pdf,2018,566,germany
annual report,bayer ag,BAYER AG REPORT AND ACCOUNTS 2016.pdf,2016,567,germany
annual report,deutsche bank ag (dbk_gr),DEUTSCHE BANK AG REPORT AND ACCOUNTS 2015.pdf,2015,568,germany
annual report,deutsche bank ag (dbk_gr),DEUTSCHE BANK AG REPORT AND ACCOUNTS 2016.pdf,2016,569,germany
annual report,deutsche bank ag (dbk_gr),DEUTSCHE BANK AG REPORT AND ACCOUNTS 2018.pdf,2018,570,germany
annual report,deutsche bank ag (dbk_gr),DEUTSCHE BANK AG REPORT AND ACCOUNTS 2017.pdf,2017,571,germany
annual report,deutsche bank ag (dbk_gr),DEUTSCHE BANK AG REPORT AND ACCOUNTS 2014.pdf,2014,572,germany
annual report,volkswagen ag (vow3_gr),VOLKSWAGEN AG REPORT AND ACCOUNTS 2014.pdf,2014,573,germany
annual report,volkswagen ag (vow3_gr),VOLKSWAGEN AG REPORT AND ACCOUNTS 2016.pdf,2016,574,germany
annual report,volkswagen ag (vow3_gr),VOLKSWAGEN AG REPORT AND ACCOUNTS 2015.pdf,2015,575,germany
annual report,volkswagen ag (vow3_gr),VOLKSWAGEN AG REPORT AND ACCOUNTS 2017.pdf,2017,576,germany
annual report,volkswagen ag (vow3_gr),VOLKSWAGEN AG REPORT AND ACCOUNTS 2018.pdf,2018,577,germany
annual report,bayerische motoren werke ag (bmw_ gr),BMW AG REPORT AND ACCOUNTS 2015.pdf,2015,578,germany
annual report,bayerische motoren werke ag (bmw_ gr),BMW AG REPORT AND ACCOUNTS 2018.pdf,2018,579,germany
annual report,bayerische motoren werke ag (bmw_ gr),BMW AG REPORT AND ACCOUNTS 2014.pdf,2014,580,germany
annual report,bayerische motoren werke ag (bmw_ gr),BMW AG REPORT AND ACCOUNTS 2016.pdf,2016,581,germany
annual report,bayerische motoren werke ag (bmw_ gr),BMW AG REPORT AND ACCOUNTS 2017.pdf,2017,582,germany
annual report,fresenius se _co kgaa (fre_gr),FRESENIUS SE AND COMPANY KGAA REPORT AND ACCOUNTS 2016.pdf,2016,583,germany
annual report,fresenius se _co kgaa (fre_gr),FRESENIUS SE AND COMPANY KGAA REPORT AND ACCOUNTS 2014.pdf,2014,584,germany
annual report,fresenius se _co kgaa (fre_gr),FRESENIUS SE AND COMPANY KGAA REPORT AND ACCOUNTS 2015.pdf,2015,585,germany
annual report,fresenius se _co kgaa (fre_gr),FRESENIUS SE AND COMPANY KGAA REPORT AND ACCOUNTS 2017.pdf,2017,586,germany
annual report,fresenius se _co kgaa (fre_gr),FRESENIUS SE AND COMPANY KGAA REPORT AND ACCOUNTS 2018.pdf,2018,587,germany
annual report,infineon technologies ag (ifx_gr),INFINEON TECHNOLOGIES AG REPORT AND ACCOUNTS 2017.pdf,2017,588,germany
annual report,infineon technologies ag (ifx_gr),INFINEON TECHNOLOGIES AG REPORT AND ACCOUNTS 2014.pdf,2014,589,germany
annual report,infineon technologies ag (ifx_gr),INFINEON TECHNOLOGIES AG REPORT AND ACCOUNTS 2018.pdf,2018,590,germany
annual report,infineon technologies ag (ifx_gr),INFINEON TECHNOLOGIES AG REPORT AND ACCOUNTS 2016.pdf,2016,591,germany
annual report,infineon technologies ag (ifx_gr),INFINEON TECHNOLOGIES AG REPORT AND ACCOUNTS 2015.pdf,2015,592,germany
annual report,deutsche lufthansa ag (lha_gr),DEUTSCHE LUFTHANSA AG REPORT AND ACCOUNTS 2018.pdf,2018,593,germany
annual report,deutsche lufthansa ag (lha_gr),DEUTSCHE LUFTHANSA AG REPORT AND ACCOUNTS 2014.pdf,2014,594,germany
annual report,deutsche lufthansa ag (lha_gr),DEUTSCHE LUFTHANSA AG REPORT AND ACCOUNTS 2015.pdf,2015,595,germany
annual report,deutsche lufthansa ag (lha_gr),DEUTSCHE LUFTHANSA AG REPORT AND ACCOUNTS 2016.pdf,2016,596,germany
annual report,deutsche lufthansa ag (lha_gr),DEUTSCHE LUFTHANSA AG REPORT AND ACCOUNTS 2017.pdf,2017,597,germany
annual report,deutsche post ag (dpw_gr),DEUTSCHE POST AG REPORT AND ACCOUNTS 2018.pdf,2018,598,germany
annual report,deutsche post ag (dpw_gr),DEUTSCHE POST AG REPORT AND ACCOUNTS 2014.pdf,2014,599,germany
